emoji_handle,emoji_link,section
bowtie,https://www.webfx.com/tools/emoji-cheat-sheet/graphics/emojis/bowtie.png,People
smile,https://www.webfx.com/tools/emoji-cheat-sheet/graphics/emojis/smile.png,People
simple_smile,https://www.webfx.com/tools/emoji-cheat-sheet/graphics/emojis/simple_smile.png,People
laughing,https://www.webfx.com/tools/emoji-cheat-sheet/graphics/emojis/laughing.png,People
blush,https://www.webfx.com/tools/emoji-cheat-sheet/graphics/emojis/blush.png,People
smiley,https://www.webfx.com/tools/emoji-cheat-sheet/graphics/emojis/smiley.png,People
relaxed,https://www.webfx.com/tools/emoji-cheat-sheet/graphics/emojis/relaxed.png,People
smirk,https://www.webfx.com/tools/emoji-cheat-sheet/graphics/emojis/smirk.png,People
heart_eyes,https://www.webfx.com/tools/emoji-cheat-sheet/graphics/emojis/heart_eyes.png,People
kissing_heart,https://www.webfx.com/tools/emoji-cheat-sheet/graphics/emojis/kissing_heart.png,People
kissing_closed_eyes,https://www.webfx.com/tools/emoji-cheat-sheet/graphics/emojis/kissing_closed_eyes.png,People
flushed,https://www.webfx.com/tools/emoji-cheat-sheet/graphics/emojis/flushed.png,People
relieved,https://www.webfx.com/tools/emoji-cheat-sheet/graphics/emojis/relieved.png,People
satisfied,https://www.webfx.com/tools/emoji-cheat-sheet/graphics/emojis/satisfied.png,People
grin,https://www.webfx.com/tools/emoji-cheat-sheet/graphics/emojis/grin.png,People
wink,https://www.webfx.com/tools/emoji-cheat-sheet/graphics/emojis/wink.png,People
stuck_out_tongue_winking_eye,https://www.webfx.com/tools/emoji-cheat-sheet/graphics/emojis/stuck_out_tongue_winking_eye.png,People
stuck_out_tongue_closed_eyes,https://www.webfx.com/tools/emoji-cheat-sheet/graphics/emojis/stuck_out_tongue_closed_eyes.png,People
grinning,https://www.webfx.com/tools/emoji-cheat-sheet/graphics/emojis/grinning.png,People
kissing,https://www.webfx.com/tools/emoji-cheat-sheet/graphics/emojis/kissing.png,People
kissing_smiling_eyes,https://www.webfx.com/tools/emoji-cheat-sheet/graphics/emojis/kissing_smiling_eyes.png,People
stuck_out_tongue,https://www.webfx.com/tools/emoji-cheat-sheet/graphics/emojis/stuck_out_tongue.png,People
sleeping,https://www.webfx.com/tools/emoji-cheat-sheet/graphics/emojis/sleeping.png,People
worried,https://www.webfx.com/tools/emoji-cheat-sheet/graphics/emojis/worried.png,People
frowning,https://www.webfx.com/tools/emoji-cheat-sheet/graphics/emojis/frowning.png,People
anguished,https://www.webfx.com/tools/emoji-cheat-sheet/graphics/emojis/anguished.png,People
open_mouth,https://www.webfx.com/tools/emoji-cheat-sheet/graphics/emojis/open_mouth.png,People
grimacing,https://www.webfx.com/tools/emoji-cheat-sheet/graphics/emojis/grimacing.png,People
confused,https://www.webfx.com/tools/emoji-cheat-sheet/graphics/emojis/confused.png,People
hushed,https://www.webfx.com/tools/emoji-cheat-sheet/graphics/emojis/hushed.png,People
expressionless,https://www.webfx.com/tools/emoji-cheat-sheet/graphics/emojis/expressionless.png,People
unamused,https://www.webfx.com/tools/emoji-cheat-sheet/graphics/emojis/unamused.png,People
sweat_smile,https://www.webfx.com/tools/emoji-cheat-sheet/graphics/emojis/sweat_smile.png,People
sweat,https://www.webfx.com/tools/emoji-cheat-sheet/graphics/emojis/sweat.png,People
disappointed_relieved,https://www.webfx.com/tools/emoji-cheat-sheet/graphics/emojis/disappointed_relieved.png,People
weary,https://www.webfx.com/tools/emoji-cheat-sheet/graphics/emojis/weary.png,People
pensive,https://www.webfx.com/tools/emoji-cheat-sheet/graphics/emojis/pensive.png,People
disappointed,https://www.webfx.com/tools/emoji-cheat-sheet/graphics/emojis/disappointed.png,People
confounded,https://www.webfx.com/tools/emoji-cheat-sheet/graphics/emojis/confounded.png,People
fearful,https://www.webfx.com/tools/emoji-cheat-sheet/graphics/emojis/fearful.png,People
cold_sweat,https://www.webfx.com/tools/emoji-cheat-sheet/graphics/emojis/cold_sweat.png,People
persevere,https://www.webfx.com/tools/emoji-cheat-sheet/graphics/emojis/persevere.png,People
cry,https://www.webfx.com/tools/emoji-cheat-sheet/graphics/emojis/cry.png,People
sob,https://www.webfx.com/tools/emoji-cheat-sheet/graphics/emojis/sob.png,People
joy,https://www.webfx.com/tools/emoji-cheat-sheet/graphics/emojis/joy.png,People
astonished,https://www.webfx.com/tools/emoji-cheat-sheet/graphics/emojis/astonished.png,People
scream,https://www.webfx.com/tools/emoji-cheat-sheet/graphics/emojis/scream.png,People
neckbeard,https://www.webfx.com/tools/emoji-cheat-sheet/graphics/emojis/neckbeard.png,People
tired_face,https://www.webfx.com/tools/emoji-cheat-sheet/graphics/emojis/tired_face.png,People
angry,https://www.webfx.com/tools/emoji-cheat-sheet/graphics/emojis/angry.png,People
rage,https://www.webfx.com/tools/emoji-cheat-sheet/graphics/emojis/rage.png,People
triumph,https://www.webfx.com/tools/emoji-cheat-sheet/graphics/emojis/triumph.png,People
sleepy,https://www.webfx.com/tools/emoji-cheat-sheet/graphics/emojis/sleepy.png,People
yum,https://www.webfx.com/tools/emoji-cheat-sheet/graphics/emojis/yum.png,People
mask,https://www.webfx.com/tools/emoji-cheat-sheet/graphics/emojis/mask.png,People
sunglasses,https://www.webfx.com/tools/emoji-cheat-sheet/graphics/emojis/sunglasses.png,People
dizzy_face,https://www.webfx.com/tools/emoji-cheat-sheet/graphics/emojis/dizzy_face.png,People
imp,https://www.webfx.com/tools/emoji-cheat-sheet/graphics/emojis/imp.png,People
smiling_imp,https://www.webfx.com/tools/emoji-cheat-sheet/graphics/emojis/smiling_imp.png,People
neutral_face,https://www.webfx.com/tools/emoji-cheat-sheet/graphics/emojis/neutral_face.png,People
no_mouth,https://www.webfx.com/tools/emoji-cheat-sheet/graphics/emojis/no_mouth.png,People
innocent,https://www.webfx.com/tools/emoji-cheat-sheet/graphics/emojis/innocent.png,People
alien,https://www.webfx.com/tools/emoji-cheat-sheet/graphics/emojis/alien.png,People
yellow_heart,https://www.webfx.com/tools/emoji-cheat-sheet/graphics/emojis/yellow_heart.png,People
blue_heart,https://www.webfx.com/tools/emoji-cheat-sheet/graphics/emojis/blue_heart.png,People
purple_heart,https://www.webfx.com/tools/emoji-cheat-sheet/graphics/emojis/purple_heart.png,People
heart,https://www.webfx.com/tools/emoji-cheat-sheet/graphics/emojis/heart.png,People
green_heart,https://www.webfx.com/tools/emoji-cheat-sheet/graphics/emojis/green_heart.png,People
broken_heart,https://www.webfx.com/tools/emoji-cheat-sheet/graphics/emojis/broken_heart.png,People
heartbeat,https://www.webfx.com/tools/emoji-cheat-sheet/graphics/emojis/heartbeat.png,People
heartpulse,https://www.webfx.com/tools/emoji-cheat-sheet/graphics/emojis/heartpulse.png,People
two_hearts,https://www.webfx.com/tools/emoji-cheat-sheet/graphics/emojis/two_hearts.png,People
revolving_hearts,https://www.webfx.com/tools/emoji-cheat-sheet/graphics/emojis/revolving_hearts.png,People
cupid,https://www.webfx.com/tools/emoji-cheat-sheet/graphics/emojis/cupid.png,People
sparkling_heart,https://www.webfx.com/tools/emoji-cheat-sheet/graphics/emojis/sparkling_heart.png,People
sparkles,https://www.webfx.com/tools/emoji-cheat-sheet/graphics/emojis/sparkles.png,People
star,https://www.webfx.com/tools/emoji-cheat-sheet/graphics/emojis/star.png,People
star2,https://www.webfx.com/tools/emoji-cheat-sheet/graphics/emojis/star2.png,People
dizzy,https://www.webfx.com/tools/emoji-cheat-sheet/graphics/emojis/dizzy.png,People
boom,https://www.webfx.com/tools/emoji-cheat-sheet/graphics/emojis/boom.png,People
collision,https://www.webfx.com/tools/emoji-cheat-sheet/graphics/emojis/collision.png,People
anger,https://www.webfx.com/tools/emoji-cheat-sheet/graphics/emojis/anger.png,People
exclamation,https://www.webfx.com/tools/emoji-cheat-sheet/graphics/emojis/exclamation.png,People
question,https://www.webfx.com/tools/emoji-cheat-sheet/graphics/emojis/question.png,People
grey_exclamation,https://www.webfx.com/tools/emoji-cheat-sheet/graphics/emojis/grey_exclamation.png,People
grey_question,https://www.webfx.com/tools/emoji-cheat-sheet/graphics/emojis/grey_question.png,People
zzz,https://www.webfx.com/tools/emoji-cheat-sheet/graphics/emojis/zzz.png,People
dash,https://www.webfx.com/tools/emoji-cheat-sheet/graphics/emojis/dash.png,People
sweat_drops,https://www.webfx.com/tools/emoji-cheat-sheet/graphics/emojis/sweat_drops.png,People
notes,https://www.webfx.com/tools/emoji-cheat-sheet/graphics/emojis/notes.png,People
musical_note,https://www.webfx.com/tools/emoji-cheat-sheet/graphics/emojis/musical_note.png,People
fire,https://www.webfx.com/tools/emoji-cheat-sheet/graphics/emojis/fire.png,People
hankey,https://www.webfx.com/tools/emoji-cheat-sheet/graphics/emojis/hankey.png,People
poop,https://www.webfx.com/tools/emoji-cheat-sheet/graphics/emojis/poop.png,People
shit,https://www.webfx.com/tools/emoji-cheat-sheet/graphics/emojis/shit.png,People
+1,https://www.webfx.com/tools/emoji-cheat-sheet/graphics/emojis/plus1.png,People
thumbsup,https://www.webfx.com/tools/emoji-cheat-sheet/graphics/emojis/thumbsup.png,People
-1,https://www.webfx.com/tools/emoji-cheat-sheet/graphics/emojis/-1.png,People
thumbsdown,https://www.webfx.com/tools/emoji-cheat-sheet/graphics/emojis/thumbsdown.png,People
ok_hand,https://www.webfx.com/tools/emoji-cheat-sheet/graphics/emojis/ok_hand.png,People
punch,https://www.webfx.com/tools/emoji-cheat-sheet/graphics/emojis/punch.png,People
facepunch,https://www.webfx.com/tools/emoji-cheat-sheet/graphics/emojis/facepunch.png,People
fist,https://www.webfx.com/tools/emoji-cheat-sheet/graphics/emojis/fist.png,People
v,https://www.webfx.com/tools/emoji-cheat-sheet/graphics/emojis/v.png,People
wave,https://www.webfx.com/tools/emoji-cheat-sheet/graphics/emojis/wave.png,People
hand,https://www.webfx.com/tools/emoji-cheat-sheet/graphics/emojis/hand.png,People
raised_hand,https://www.webfx.com/tools/emoji-cheat-sheet/graphics/emojis/raised_hand.png,People
open_hands,https://www.webfx.com/tools/emoji-cheat-sheet/graphics/emojis/open_hands.png,People
point_up,https://www.webfx.com/tools/emoji-cheat-sheet/graphics/emojis/point_up.png,People
point_down,https://www.webfx.com/tools/emoji-cheat-sheet/graphics/emojis/point_down.png,People
point_left,https://www.webfx.com/tools/emoji-cheat-sheet/graphics/emojis/point_left.png,People
point_right,https://www.webfx.com/tools/emoji-cheat-sheet/graphics/emojis/point_right.png,People
raised_hands,https://www.webfx.com/tools/emoji-cheat-sheet/graphics/emojis/raised_hands.png,People
pray,https://www.webfx.com/tools/emoji-cheat-sheet/graphics/emojis/pray.png,People
point_up_2,https://www.webfx.com/tools/emoji-cheat-sheet/graphics/emojis/point_up_2.png,People
clap,https://www.webfx.com/tools/emoji-cheat-sheet/graphics/emojis/clap.png,People
muscle,https://www.webfx.com/tools/emoji-cheat-sheet/graphics/emojis/muscle.png,People
metal,https://www.webfx.com/tools/emoji-cheat-sheet/graphics/emojis/metal.png,People
fu,https://www.webfx.com/tools/emoji-cheat-sheet/graphics/emojis/fu.png,People
runner,https://www.webfx.com/tools/emoji-cheat-sheet/graphics/emojis/runner.png,People
running,https://www.webfx.com/tools/emoji-cheat-sheet/graphics/emojis/running.png,People
couple,https://www.webfx.com/tools/emoji-cheat-sheet/graphics/emojis/couple.png,People
family,https://www.webfx.com/tools/emoji-cheat-sheet/graphics/emojis/family.png,People
two_men_holding_hands,https://www.webfx.com/tools/emoji-cheat-sheet/graphics/emojis/two_men_holding_hands.png,People
two_women_holding_hands,https://www.webfx.com/tools/emoji-cheat-sheet/graphics/emojis/two_women_holding_hands.png,People
dancer,https://www.webfx.com/tools/emoji-cheat-sheet/graphics/emojis/dancer.png,People
dancers,https://www.webfx.com/tools/emoji-cheat-sheet/graphics/emojis/dancers.png,People
ok_woman,https://www.webfx.com/tools/emoji-cheat-sheet/graphics/emojis/ok_woman.png,People
no_good,https://www.webfx.com/tools/emoji-cheat-sheet/graphics/emojis/no_good.png,People
information_desk_person,https://www.webfx.com/tools/emoji-cheat-sheet/graphics/emojis/information_desk_person.png,People
raising_hand,https://www.webfx.com/tools/emoji-cheat-sheet/graphics/emojis/raising_hand.png,People
bride_with_veil,https://www.webfx.com/tools/emoji-cheat-sheet/graphics/emojis/bride_with_veil.png,People
person_with_pouting_face,https://www.webfx.com/tools/emoji-cheat-sheet/graphics/emojis/person_with_pouting_face.png,People
person_frowning,https://www.webfx.com/tools/emoji-cheat-sheet/graphics/emojis/person_frowning.png,People
bow,https://www.webfx.com/tools/emoji-cheat-sheet/graphics/emojis/bow.png,People
couplekiss,https://www.webfx.com/tools/emoji-cheat-sheet/graphics/emojis/couplekiss.png,People
couple_with_heart,https://www.webfx.com/tools/emoji-cheat-sheet/graphics/emojis/couple_with_heart.png,People
massage,https://www.webfx.com/tools/emoji-cheat-sheet/graphics/emojis/massage.png,People
haircut,https://www.webfx.com/tools/emoji-cheat-sheet/graphics/emojis/haircut.png,People
nail_care,https://www.webfx.com/tools/emoji-cheat-sheet/graphics/emojis/nail_care.png,People
boy,https://www.webfx.com/tools/emoji-cheat-sheet/graphics/emojis/boy.png,People
girl,https://www.webfx.com/tools/emoji-cheat-sheet/graphics/emojis/girl.png,People
woman,https://www.webfx.com/tools/emoji-cheat-sheet/graphics/emojis/woman.png,People
man,https://www.webfx.com/tools/emoji-cheat-sheet/graphics/emojis/man.png,People
baby,https://www.webfx.com/tools/emoji-cheat-sheet/graphics/emojis/baby.png,People
older_woman,https://www.webfx.com/tools/emoji-cheat-sheet/graphics/emojis/older_woman.png,People
older_man,https://www.webfx.com/tools/emoji-cheat-sheet/graphics/emojis/older_man.png,People
person_with_blond_hair,https://www.webfx.com/tools/emoji-cheat-sheet/graphics/emojis/person_with_blond_hair.png,People
man_with_gua_pi_mao,https://www.webfx.com/tools/emoji-cheat-sheet/graphics/emojis/man_with_gua_pi_mao.png,People
man_with_turban,https://www.webfx.com/tools/emoji-cheat-sheet/graphics/emojis/man_with_turban.png,People
construction_worker,https://www.webfx.com/tools/emoji-cheat-sheet/graphics/emojis/construction_worker.png,People
cop,https://www.webfx.com/tools/emoji-cheat-sheet/graphics/emojis/cop.png,People
angel,https://www.webfx.com/tools/emoji-cheat-sheet/graphics/emojis/angel.png,People
princess,https://www.webfx.com/tools/emoji-cheat-sheet/graphics/emojis/princess.png,People
smiley_cat,https://www.webfx.com/tools/emoji-cheat-sheet/graphics/emojis/smiley_cat.png,People
smile_cat,https://www.webfx.com/tools/emoji-cheat-sheet/graphics/emojis/smile_cat.png,People
heart_eyes_cat,https://www.webfx.com/tools/emoji-cheat-sheet/graphics/emojis/heart_eyes_cat.png,People
kissing_cat,https://www.webfx.com/tools/emoji-cheat-sheet/graphics/emojis/kissing_cat.png,People
smirk_cat,https://www.webfx.com/tools/emoji-cheat-sheet/graphics/emojis/smirk_cat.png,People
scream_cat,https://www.webfx.com/tools/emoji-cheat-sheet/graphics/emojis/scream_cat.png,People
crying_cat_face,https://www.webfx.com/tools/emoji-cheat-sheet/graphics/emojis/crying_cat_face.png,People
joy_cat,https://www.webfx.com/tools/emoji-cheat-sheet/graphics/emojis/joy_cat.png,People
pouting_cat,https://www.webfx.com/tools/emoji-cheat-sheet/graphics/emojis/pouting_cat.png,People
japanese_ogre,https://www.webfx.com/tools/emoji-cheat-sheet/graphics/emojis/japanese_ogre.png,People
japanese_goblin,https://www.webfx.com/tools/emoji-cheat-sheet/graphics/emojis/japanese_goblin.png,People
see_no_evil,https://www.webfx.com/tools/emoji-cheat-sheet/graphics/emojis/see_no_evil.png,People
hear_no_evil,https://www.webfx.com/tools/emoji-cheat-sheet/graphics/emojis/hear_no_evil.png,People
speak_no_evil,https://www.webfx.com/tools/emoji-cheat-sheet/graphics/emojis/speak_no_evil.png,People
guardsman,https://www.webfx.com/tools/emoji-cheat-sheet/graphics/emojis/guardsman.png,People
skull,https://www.webfx.com/tools/emoji-cheat-sheet/graphics/emojis/skull.png,People
feet,https://www.webfx.com/tools/emoji-cheat-sheet/graphics/emojis/feet.png,People
lips,https://www.webfx.com/tools/emoji-cheat-sheet/graphics/emojis/lips.png,People
kiss,https://www.webfx.com/tools/emoji-cheat-sheet/graphics/emojis/kiss.png,People
droplet,https://www.webfx.com/tools/emoji-cheat-sheet/graphics/emojis/droplet.png,People
ear,https://www.webfx.com/tools/emoji-cheat-sheet/graphics/emojis/ear.png,People
eyes,https://www.webfx.com/tools/emoji-cheat-sheet/graphics/emojis/eyes.png,People
nose,https://www.webfx.com/tools/emoji-cheat-sheet/graphics/emojis/nose.png,People
tongue,https://www.webfx.com/tools/emoji-cheat-sheet/graphics/emojis/tongue.png,People
love_letter,https://www.webfx.com/tools/emoji-cheat-sheet/graphics/emojis/love_letter.png,People
bust_in_silhouette,https://www.webfx.com/tools/emoji-cheat-sheet/graphics/emojis/bust_in_silhouette.png,People
busts_in_silhouette,https://www.webfx.com/tools/emoji-cheat-sheet/graphics/emojis/busts_in_silhouette.png,People
speech_balloon,https://www.webfx.com/tools/emoji-cheat-sheet/graphics/emojis/speech_balloon.png,People
thought_balloon,https://www.webfx.com/tools/emoji-cheat-sheet/graphics/emojis/thought_balloon.png,People
feelsgood,https://www.webfx.com/tools/emoji-cheat-sheet/graphics/emojis/feelsgood.png,People
finnadie,https://www.webfx.com/tools/emoji-cheat-sheet/graphics/emojis/finnadie.png,People
goberserk,https://www.webfx.com/tools/emoji-cheat-sheet/graphics/emojis/goberserk.png,People
godmode,https://www.webfx.com/tools/emoji-cheat-sheet/graphics/emojis/godmode.png,People
hurtrealbad,https://www.webfx.com/tools/emoji-cheat-sheet/graphics/emojis/hurtrealbad.png,People
rage1,https://www.webfx.com/tools/emoji-cheat-sheet/graphics/emojis/rage1.png,People
rage2,https://www.webfx.com/tools/emoji-cheat-sheet/graphics/emojis/rage2.png,People
rage3,https://www.webfx.com/tools/emoji-cheat-sheet/graphics/emojis/rage3.png,People
rage4,https://www.webfx.com/tools/emoji-cheat-sheet/graphics/emojis/rage4.png,People
suspect,https://www.webfx.com/tools/emoji-cheat-sheet/graphics/emojis/suspect.png,People
trollface,https://www.webfx.com/tools/emoji-cheat-sheet/graphics/emojis/trollface.png,People
sunny,https://www.webfx.com/tools/emoji-cheat-sheet/graphics/emojis/sunny.png,Nature
umbrella,https://www.webfx.com/tools/emoji-cheat-sheet/graphics/emojis/umbrella.png,Nature
cloud,https://www.webfx.com/tools/emoji-cheat-sheet/graphics/emojis/cloud.png,Nature
snowflake,https://www.webfx.com/tools/emoji-cheat-sheet/graphics/emojis/snowflake.png,Nature
snowman,https://www.webfx.com/tools/emoji-cheat-sheet/graphics/emojis/snowman.png,Nature
zap,https://www.webfx.com/tools/emoji-cheat-sheet/graphics/emojis/zap.png,Nature
cyclone,https://www.webfx.com/tools/emoji-cheat-sheet/graphics/emojis/cyclone.png,Nature
foggy,https://www.webfx.com/tools/emoji-cheat-sheet/graphics/emojis/foggy.png,Nature
ocean,https://www.webfx.com/tools/emoji-cheat-sheet/graphics/emojis/ocean.png,Nature
cat,https://www.webfx.com/tools/emoji-cheat-sheet/graphics/emojis/cat.png,Nature
dog,https://www.webfx.com/tools/emoji-cheat-sheet/graphics/emojis/dog.png,Nature
mouse,https://www.webfx.com/tools/emoji-cheat-sheet/graphics/emojis/mouse.png,Nature
hamster,https://www.webfx.com/tools/emoji-cheat-sheet/graphics/emojis/hamster.png,Nature
rabbit,https://www.webfx.com/tools/emoji-cheat-sheet/graphics/emojis/rabbit.png,Nature
wolf,https://www.webfx.com/tools/emoji-cheat-sheet/graphics/emojis/wolf.png,Nature
frog,https://www.webfx.com/tools/emoji-cheat-sheet/graphics/emojis/frog.png,Nature
tiger,https://www.webfx.com/tools/emoji-cheat-sheet/graphics/emojis/tiger.png,Nature
koala,https://www.webfx.com/tools/emoji-cheat-sheet/graphics/emojis/koala.png,Nature
bear,https://www.webfx.com/tools/emoji-cheat-sheet/graphics/emojis/bear.png,Nature
pig,https://www.webfx.com/tools/emoji-cheat-sheet/graphics/emojis/pig.png,Nature
pig_nose,https://www.webfx.com/tools/emoji-cheat-sheet/graphics/emojis/pig_nose.png,Nature
cow,https://www.webfx.com/tools/emoji-cheat-sheet/graphics/emojis/cow.png,Nature
boar,https://www.webfx.com/tools/emoji-cheat-sheet/graphics/emojis/boar.png,Nature
monkey_face,https://www.webfx.com/tools/emoji-cheat-sheet/graphics/emojis/monkey_face.png,Nature
monkey,https://www.webfx.com/tools/emoji-cheat-sheet/graphics/emojis/monkey.png,Nature
horse,https://www.webfx.com/tools/emoji-cheat-sheet/graphics/emojis/horse.png,Nature
racehorse,https://www.webfx.com/tools/emoji-cheat-sheet/graphics/emojis/racehorse.png,Nature
camel,https://www.webfx.com/tools/emoji-cheat-sheet/graphics/emojis/camel.png,Nature
sheep,https://www.webfx.com/tools/emoji-cheat-sheet/graphics/emojis/sheep.png,Nature
elephant,https://www.webfx.com/tools/emoji-cheat-sheet/graphics/emojis/elephant.png,Nature
panda_face,https://www.webfx.com/tools/emoji-cheat-sheet/graphics/emojis/panda_face.png,Nature
snake,https://www.webfx.com/tools/emoji-cheat-sheet/graphics/emojis/snake.png,Nature
bird,https://www.webfx.com/tools/emoji-cheat-sheet/graphics/emojis/bird.png,Nature
baby_chick,https://www.webfx.com/tools/emoji-cheat-sheet/graphics/emojis/baby_chick.png,Nature
hatched_chick,https://www.webfx.com/tools/emoji-cheat-sheet/graphics/emojis/hatched_chick.png,Nature
hatching_chick,https://www.webfx.com/tools/emoji-cheat-sheet/graphics/emojis/hatching_chick.png,Nature
chicken,https://www.webfx.com/tools/emoji-cheat-sheet/graphics/emojis/chicken.png,Nature
penguin,https://www.webfx.com/tools/emoji-cheat-sheet/graphics/emojis/penguin.png,Nature
turtle,https://www.webfx.com/tools/emoji-cheat-sheet/graphics/emojis/turtle.png,Nature
bug,https://www.webfx.com/tools/emoji-cheat-sheet/graphics/emojis/bug.png,Nature
honeybee,https://www.webfx.com/tools/emoji-cheat-sheet/graphics/emojis/honeybee.png,Nature
ant,https://www.webfx.com/tools/emoji-cheat-sheet/graphics/emojis/ant.png,Nature
beetle,https://www.webfx.com/tools/emoji-cheat-sheet/graphics/emojis/beetle.png,Nature
snail,https://www.webfx.com/tools/emoji-cheat-sheet/graphics/emojis/snail.png,Nature
octopus,https://www.webfx.com/tools/emoji-cheat-sheet/graphics/emojis/octopus.png,Nature
tropical_fish,https://www.webfx.com/tools/emoji-cheat-sheet/graphics/emojis/tropical_fish.png,Nature
fish,https://www.webfx.com/tools/emoji-cheat-sheet/graphics/emojis/fish.png,Nature
whale,https://www.webfx.com/tools/emoji-cheat-sheet/graphics/emojis/whale.png,Nature
whale2,https://www.webfx.com/tools/emoji-cheat-sheet/graphics/emojis/whale2.png,Nature
dolphin,https://www.webfx.com/tools/emoji-cheat-sheet/graphics/emojis/dolphin.png,Nature
cow2,https://www.webfx.com/tools/emoji-cheat-sheet/graphics/emojis/cow2.png,Nature
ram,https://www.webfx.com/tools/emoji-cheat-sheet/graphics/emojis/ram.png,Nature
rat,https://www.webfx.com/tools/emoji-cheat-sheet/graphics/emojis/rat.png,Nature
water_buffalo,https://www.webfx.com/tools/emoji-cheat-sheet/graphics/emojis/water_buffalo.png,Nature
tiger2,https://www.webfx.com/tools/emoji-cheat-sheet/graphics/emojis/tiger2.png,Nature
rabbit2,https://www.webfx.com/tools/emoji-cheat-sheet/graphics/emojis/rabbit2.png,Nature
dragon,https://www.webfx.com/tools/emoji-cheat-sheet/graphics/emojis/dragon.png,Nature
goat,https://www.webfx.com/tools/emoji-cheat-sheet/graphics/emojis/goat.png,Nature
rooster,https://www.webfx.com/tools/emoji-cheat-sheet/graphics/emojis/rooster.png,Nature
dog2,https://www.webfx.com/tools/emoji-cheat-sheet/graphics/emojis/dog2.png,Nature
pig2,https://www.webfx.com/tools/emoji-cheat-sheet/graphics/emojis/pig2.png,Nature
mouse2,https://www.webfx.com/tools/emoji-cheat-sheet/graphics/emojis/mouse2.png,Nature
ox,https://www.webfx.com/tools/emoji-cheat-sheet/graphics/emojis/ox.png,Nature
dragon_face,https://www.webfx.com/tools/emoji-cheat-sheet/graphics/emojis/dragon_face.png,Nature
blowfish,https://www.webfx.com/tools/emoji-cheat-sheet/graphics/emojis/blowfish.png,Nature
crocodile,https://www.webfx.com/tools/emoji-cheat-sheet/graphics/emojis/crocodile.png,Nature
dromedary_camel,https://www.webfx.com/tools/emoji-cheat-sheet/graphics/emojis/dromedary_camel.png,Nature
leopard,https://www.webfx.com/tools/emoji-cheat-sheet/graphics/emojis/leopard.png,Nature
cat2,https://www.webfx.com/tools/emoji-cheat-sheet/graphics/emojis/cat2.png,Nature
poodle,https://www.webfx.com/tools/emoji-cheat-sheet/graphics/emojis/poodle.png,Nature
paw_prints,https://www.webfx.com/tools/emoji-cheat-sheet/graphics/emojis/paw_prints.png,Nature
bouquet,https://www.webfx.com/tools/emoji-cheat-sheet/graphics/emojis/bouquet.png,Nature
cherry_blossom,https://www.webfx.com/tools/emoji-cheat-sheet/graphics/emojis/cherry_blossom.png,Nature
tulip,https://www.webfx.com/tools/emoji-cheat-sheet/graphics/emojis/tulip.png,Nature
four_leaf_clover,https://www.webfx.com/tools/emoji-cheat-sheet/graphics/emojis/four_leaf_clover.png,Nature
rose,https://www.webfx.com/tools/emoji-cheat-sheet/graphics/emojis/rose.png,Nature
sunflower,https://www.webfx.com/tools/emoji-cheat-sheet/graphics/emojis/sunflower.png,Nature
hibiscus,https://www.webfx.com/tools/emoji-cheat-sheet/graphics/emojis/hibiscus.png,Nature
maple_leaf,https://www.webfx.com/tools/emoji-cheat-sheet/graphics/emojis/maple_leaf.png,Nature
leaves,https://www.webfx.com/tools/emoji-cheat-sheet/graphics/emojis/leaves.png,Nature
fallen_leaf,https://www.webfx.com/tools/emoji-cheat-sheet/graphics/emojis/fallen_leaf.png,Nature
herb,https://www.webfx.com/tools/emoji-cheat-sheet/graphics/emojis/herb.png,Nature
mushroom,https://www.webfx.com/tools/emoji-cheat-sheet/graphics/emojis/mushroom.png,Nature
cactus,https://www.webfx.com/tools/emoji-cheat-sheet/graphics/emojis/cactus.png,Nature
palm_tree,https://www.webfx.com/tools/emoji-cheat-sheet/graphics/emojis/palm_tree.png,Nature
evergreen_tree,https://www.webfx.com/tools/emoji-cheat-sheet/graphics/emojis/evergreen_tree.png,Nature
deciduous_tree,https://www.webfx.com/tools/emoji-cheat-sheet/graphics/emojis/deciduous_tree.png,Nature
chestnut,https://www.webfx.com/tools/emoji-cheat-sheet/graphics/emojis/chestnut.png,Nature
seedling,https://www.webfx.com/tools/emoji-cheat-sheet/graphics/emojis/seedling.png,Nature
blossom,https://www.webfx.com/tools/emoji-cheat-sheet/graphics/emojis/blossom.png,Nature
ear_of_rice,https://www.webfx.com/tools/emoji-cheat-sheet/graphics/emojis/ear_of_rice.png,Nature
shell,https://www.webfx.com/tools/emoji-cheat-sheet/graphics/emojis/shell.png,Nature
globe_with_meridians,https://www.webfx.com/tools/emoji-cheat-sheet/graphics/emojis/globe_with_meridians.png,Nature
sun_with_face,https://www.webfx.com/tools/emoji-cheat-sheet/graphics/emojis/sun_with_face.png,Nature
full_moon_with_face,https://www.webfx.com/tools/emoji-cheat-sheet/graphics/emojis/full_moon_with_face.png,Nature
new_moon_with_face,https://www.webfx.com/tools/emoji-cheat-sheet/graphics/emojis/new_moon_with_face.png,Nature
new_moon,https://www.webfx.com/tools/emoji-cheat-sheet/graphics/emojis/new_moon.png,Nature
waxing_crescent_moon,https://www.webfx.com/tools/emoji-cheat-sheet/graphics/emojis/waxing_crescent_moon.png,Nature
first_quarter_moon,https://www.webfx.com/tools/emoji-cheat-sheet/graphics/emojis/first_quarter_moon.png,Nature
waxing_gibbous_moon,https://www.webfx.com/tools/emoji-cheat-sheet/graphics/emojis/waxing_gibbous_moon.png,Nature
full_moon,https://www.webfx.com/tools/emoji-cheat-sheet/graphics/emojis/full_moon.png,Nature
waning_gibbous_moon,https://www.webfx.com/tools/emoji-cheat-sheet/graphics/emojis/waning_gibbous_moon.png,Nature
last_quarter_moon,https://www.webfx.com/tools/emoji-cheat-sheet/graphics/emojis/last_quarter_moon.png,Nature
waning_crescent_moon,https://www.webfx.com/tools/emoji-cheat-sheet/graphics/emojis/waning_crescent_moon.png,Nature
last_quarter_moon_with_face,https://www.webfx.com/tools/emoji-cheat-sheet/graphics/emojis/last_quarter_moon_with_face.png,Nature
first_quarter_moon_with_face,https://www.webfx.com/tools/emoji-cheat-sheet/graphics/emojis/first_quarter_moon_with_face.png,Nature
crescent_moon,https://www.webfx.com/tools/emoji-cheat-sheet/graphics/emojis/crescent_moon.png,Nature
earth_africa,https://www.webfx.com/tools/emoji-cheat-sheet/graphics/emojis/earth_africa.png,Nature
earth_americas,https://www.webfx.com/tools/emoji-cheat-sheet/graphics/emojis/earth_americas.png,Nature
earth_asia,https://www.webfx.com/tools/emoji-cheat-sheet/graphics/emojis/earth_asia.png,Nature
volcano,https://www.webfx.com/tools/emoji-cheat-sheet/graphics/emojis/volcano.png,Nature
milky_way,https://www.webfx.com/tools/emoji-cheat-sheet/graphics/emojis/milky_way.png,Nature
partly_sunny,https://www.webfx.com/tools/emoji-cheat-sheet/graphics/emojis/partly_sunny.png,Nature
octocat,https://www.webfx.com/tools/emoji-cheat-sheet/graphics/emojis/octocat.png,Nature
squirrel,https://www.webfx.com/tools/emoji-cheat-sheet/graphics/emojis/squirrel.png,Nature
bamboo,https://www.webfx.com/tools/emoji-cheat-sheet/graphics/emojis/bamboo.png,Objects
gift_heart,https://www.webfx.com/tools/emoji-cheat-sheet/graphics/emojis/gift_heart.png,Objects
dolls,https://www.webfx.com/tools/emoji-cheat-sheet/graphics/emojis/dolls.png,Objects
school_satchel,https://www.webfx.com/tools/emoji-cheat-sheet/graphics/emojis/school_satchel.png,Objects
mortar_board,https://www.webfx.com/tools/emoji-cheat-sheet/graphics/emojis/mortar_board.png,Objects
flags,https://www.webfx.com/tools/emoji-cheat-sheet/graphics/emojis/flags.png,Objects
fireworks,https://www.webfx.com/tools/emoji-cheat-sheet/graphics/emojis/fireworks.png,Objects
sparkler,https://www.webfx.com/tools/emoji-cheat-sheet/graphics/emojis/sparkler.png,Objects
wind_chime,https://www.webfx.com/tools/emoji-cheat-sheet/graphics/emojis/wind_chime.png,Objects
rice_scene,https://www.webfx.com/tools/emoji-cheat-sheet/graphics/emojis/rice_scene.png,Objects
jack_o_lantern,https://www.webfx.com/tools/emoji-cheat-sheet/graphics/emojis/jack_o_lantern.png,Objects
ghost,https://www.webfx.com/tools/emoji-cheat-sheet/graphics/emojis/ghost.png,Objects
santa,https://www.webfx.com/tools/emoji-cheat-sheet/graphics/emojis/santa.png,Objects
christmas_tree,https://www.webfx.com/tools/emoji-cheat-sheet/graphics/emojis/christmas_tree.png,Objects
gift,https://www.webfx.com/tools/emoji-cheat-sheet/graphics/emojis/gift.png,Objects
bell,https://www.webfx.com/tools/emoji-cheat-sheet/graphics/emojis/bell.png,Objects
no_bell,https://www.webfx.com/tools/emoji-cheat-sheet/graphics/emojis/no_bell.png,Objects
tanabata_tree,https://www.webfx.com/tools/emoji-cheat-sheet/graphics/emojis/tanabata_tree.png,Objects
tada,https://www.webfx.com/tools/emoji-cheat-sheet/graphics/emojis/tada.png,Objects
confetti_ball,https://www.webfx.com/tools/emoji-cheat-sheet/graphics/emojis/confetti_ball.png,Objects
balloon,https://www.webfx.com/tools/emoji-cheat-sheet/graphics/emojis/balloon.png,Objects
crystal_ball,https://www.webfx.com/tools/emoji-cheat-sheet/graphics/emojis/crystal_ball.png,Objects
cd,https://www.webfx.com/tools/emoji-cheat-sheet/graphics/emojis/cd.png,Objects
dvd,https://www.webfx.com/tools/emoji-cheat-sheet/graphics/emojis/dvd.png,Objects
floppy_disk,https://www.webfx.com/tools/emoji-cheat-sheet/graphics/emojis/floppy_disk.png,Objects
camera,https://www.webfx.com/tools/emoji-cheat-sheet/graphics/emojis/camera.png,Objects
video_camera,https://www.webfx.com/tools/emoji-cheat-sheet/graphics/emojis/video_camera.png,Objects
movie_camera,https://www.webfx.com/tools/emoji-cheat-sheet/graphics/emojis/movie_camera.png,Objects
computer,https://www.webfx.com/tools/emoji-cheat-sheet/graphics/emojis/computer.png,Objects
tv,https://www.webfx.com/tools/emoji-cheat-sheet/graphics/emojis/tv.png,Objects
iphone,https://www.webfx.com/tools/emoji-cheat-sheet/graphics/emojis/iphone.png,Objects
phone,https://www.webfx.com/tools/emoji-cheat-sheet/graphics/emojis/phone.png,Objects
telephone,https://www.webfx.com/tools/emoji-cheat-sheet/graphics/emojis/telephone.png,Objects
telephone_receiver,https://www.webfx.com/tools/emoji-cheat-sheet/graphics/emojis/telephone_receiver.png,Objects
pager,https://www.webfx.com/tools/emoji-cheat-sheet/graphics/emojis/pager.png,Objects
fax,https://www.webfx.com/tools/emoji-cheat-sheet/graphics/emojis/fax.png,Objects
minidisc,https://www.webfx.com/tools/emoji-cheat-sheet/graphics/emojis/minidisc.png,Objects
vhs,https://www.webfx.com/tools/emoji-cheat-sheet/graphics/emojis/vhs.png,Objects
sound,https://www.webfx.com/tools/emoji-cheat-sheet/graphics/emojis/sound.png,Objects
speaker,https://www.webfx.com/tools/emoji-cheat-sheet/graphics/emojis/speaker.png,Objects
mute,https://www.webfx.com/tools/emoji-cheat-sheet/graphics/emojis/mute.png,Objects
loudspeaker,https://www.webfx.com/tools/emoji-cheat-sheet/graphics/emojis/loudspeaker.png,Objects
mega,https://www.webfx.com/tools/emoji-cheat-sheet/graphics/emojis/mega.png,Objects
hourglass,https://www.webfx.com/tools/emoji-cheat-sheet/graphics/emojis/hourglass.png,Objects
hourglass_flowing_sand,https://www.webfx.com/tools/emoji-cheat-sheet/graphics/emojis/hourglass_flowing_sand.png,Objects
alarm_clock,https://www.webfx.com/tools/emoji-cheat-sheet/graphics/emojis/alarm_clock.png,Objects
watch,https://www.webfx.com/tools/emoji-cheat-sheet/graphics/emojis/watch.png,Objects
radio,https://www.webfx.com/tools/emoji-cheat-sheet/graphics/emojis/radio.png,Objects
satellite,https://www.webfx.com/tools/emoji-cheat-sheet/graphics/emojis/satellite.png,Objects
loop,https://www.webfx.com/tools/emoji-cheat-sheet/graphics/emojis/loop.png,Objects
mag,https://www.webfx.com/tools/emoji-cheat-sheet/graphics/emojis/mag.png,Objects
mag_right,https://www.webfx.com/tools/emoji-cheat-sheet/graphics/emojis/mag_right.png,Objects
unlock,https://www.webfx.com/tools/emoji-cheat-sheet/graphics/emojis/unlock.png,Objects
lock,https://www.webfx.com/tools/emoji-cheat-sheet/graphics/emojis/lock.png,Objects
lock_with_ink_pen,https://www.webfx.com/tools/emoji-cheat-sheet/graphics/emojis/lock_with_ink_pen.png,Objects
closed_lock_with_key,https://www.webfx.com/tools/emoji-cheat-sheet/graphics/emojis/closed_lock_with_key.png,Objects
key,https://www.webfx.com/tools/emoji-cheat-sheet/graphics/emojis/key.png,Objects
bulb,https://www.webfx.com/tools/emoji-cheat-sheet/graphics/emojis/bulb.png,Objects
flashlight,https://www.webfx.com/tools/emoji-cheat-sheet/graphics/emojis/flashlight.png,Objects
high_brightness,https://www.webfx.com/tools/emoji-cheat-sheet/graphics/emojis/high_brightness.png,Objects
low_brightness,https://www.webfx.com/tools/emoji-cheat-sheet/graphics/emojis/low_brightness.png,Objects
electric_plug,https://www.webfx.com/tools/emoji-cheat-sheet/graphics/emojis/electric_plug.png,Objects
battery,https://www.webfx.com/tools/emoji-cheat-sheet/graphics/emojis/battery.png,Objects
calling,https://www.webfx.com/tools/emoji-cheat-sheet/graphics/emojis/calling.png,Objects
email,https://www.webfx.com/tools/emoji-cheat-sheet/graphics/emojis/email.png,Objects
mailbox,https://www.webfx.com/tools/emoji-cheat-sheet/graphics/emojis/mailbox.png,Objects
postbox,https://www.webfx.com/tools/emoji-cheat-sheet/graphics/emojis/postbox.png,Objects
bath,https://www.webfx.com/tools/emoji-cheat-sheet/graphics/emojis/bath.png,Objects
bathtub,https://www.webfx.com/tools/emoji-cheat-sheet/graphics/emojis/bathtub.png,Objects
shower,https://www.webfx.com/tools/emoji-cheat-sheet/graphics/emojis/shower.png,Objects
toilet,https://www.webfx.com/tools/emoji-cheat-sheet/graphics/emojis/toilet.png,Objects
wrench,https://www.webfx.com/tools/emoji-cheat-sheet/graphics/emojis/wrench.png,Objects
nut_and_bolt,https://www.webfx.com/tools/emoji-cheat-sheet/graphics/emojis/nut_and_bolt.png,Objects
hammer,https://www.webfx.com/tools/emoji-cheat-sheet/graphics/emojis/hammer.png,Objects
seat,https://www.webfx.com/tools/emoji-cheat-sheet/graphics/emojis/seat.png,Objects
moneybag,https://www.webfx.com/tools/emoji-cheat-sheet/graphics/emojis/moneybag.png,Objects
yen,https://www.webfx.com/tools/emoji-cheat-sheet/graphics/emojis/yen.png,Objects
dollar,https://www.webfx.com/tools/emoji-cheat-sheet/graphics/emojis/dollar.png,Objects
pound,https://www.webfx.com/tools/emoji-cheat-sheet/graphics/emojis/pound.png,Objects
euro,https://www.webfx.com/tools/emoji-cheat-sheet/graphics/emojis/euro.png,Objects
credit_card,https://www.webfx.com/tools/emoji-cheat-sheet/graphics/emojis/credit_card.png,Objects
money_with_wings,https://www.webfx.com/tools/emoji-cheat-sheet/graphics/emojis/money_with_wings.png,Objects
e-mail,https://www.webfx.com/tools/emoji-cheat-sheet/graphics/emojis/e-mail.png,Objects
inbox_tray,https://www.webfx.com/tools/emoji-cheat-sheet/graphics/emojis/inbox_tray.png,Objects
outbox_tray,https://www.webfx.com/tools/emoji-cheat-sheet/graphics/emojis/outbox_tray.png,Objects
envelope,https://www.webfx.com/tools/emoji-cheat-sheet/graphics/emojis/envelope.png,Objects
incoming_envelope,https://www.webfx.com/tools/emoji-cheat-sheet/graphics/emojis/incoming_envelope.png,Objects
postal_horn,https://www.webfx.com/tools/emoji-cheat-sheet/graphics/emojis/postal_horn.png,Objects
mailbox_closed,https://www.webfx.com/tools/emoji-cheat-sheet/graphics/emojis/mailbox_closed.png,Objects
mailbox_with_mail,https://www.webfx.com/tools/emoji-cheat-sheet/graphics/emojis/mailbox_with_mail.png,Objects
mailbox_with_no_mail,https://www.webfx.com/tools/emoji-cheat-sheet/graphics/emojis/mailbox_with_no_mail.png,Objects
package,https://www.webfx.com/tools/emoji-cheat-sheet/graphics/emojis/package.png,Objects
door,https://www.webfx.com/tools/emoji-cheat-sheet/graphics/emojis/door.png,Objects
smoking,https://www.webfx.com/tools/emoji-cheat-sheet/graphics/emojis/smoking.png,Objects
bomb,https://www.webfx.com/tools/emoji-cheat-sheet/graphics/emojis/bomb.png,Objects
gun,https://www.webfx.com/tools/emoji-cheat-sheet/graphics/emojis/gun.png,Objects
hocho,https://www.webfx.com/tools/emoji-cheat-sheet/graphics/emojis/hocho.png,Objects
pill,https://www.webfx.com/tools/emoji-cheat-sheet/graphics/emojis/pill.png,Objects
syringe,https://www.webfx.com/tools/emoji-cheat-sheet/graphics/emojis/syringe.png,Objects
page_facing_up,https://www.webfx.com/tools/emoji-cheat-sheet/graphics/emojis/page_facing_up.png,Objects
page_with_curl,https://www.webfx.com/tools/emoji-cheat-sheet/graphics/emojis/page_with_curl.png,Objects
bookmark_tabs,https://www.webfx.com/tools/emoji-cheat-sheet/graphics/emojis/bookmark_tabs.png,Objects
bar_chart,https://www.webfx.com/tools/emoji-cheat-sheet/graphics/emojis/bar_chart.png,Objects
chart_with_upwards_trend,https://www.webfx.com/tools/emoji-cheat-sheet/graphics/emojis/chart_with_upwards_trend.png,Objects
chart_with_downwards_trend,https://www.webfx.com/tools/emoji-cheat-sheet/graphics/emojis/chart_with_downwards_trend.png,Objects
scroll,https://www.webfx.com/tools/emoji-cheat-sheet/graphics/emojis/scroll.png,Objects
clipboard,https://www.webfx.com/tools/emoji-cheat-sheet/graphics/emojis/clipboard.png,Objects
calendar,https://www.webfx.com/tools/emoji-cheat-sheet/graphics/emojis/calendar.png,Objects
date,https://www.webfx.com/tools/emoji-cheat-sheet/graphics/emojis/date.png,Objects
card_index,https://www.webfx.com/tools/emoji-cheat-sheet/graphics/emojis/card_index.png,Objects
file_folder,https://www.webfx.com/tools/emoji-cheat-sheet/graphics/emojis/file_folder.png,Objects
open_file_folder,https://www.webfx.com/tools/emoji-cheat-sheet/graphics/emojis/open_file_folder.png,Objects
scissors,https://www.webfx.com/tools/emoji-cheat-sheet/graphics/emojis/scissors.png,Objects
pushpin,https://www.webfx.com/tools/emoji-cheat-sheet/graphics/emojis/pushpin.png,Objects
paperclip,https://www.webfx.com/tools/emoji-cheat-sheet/graphics/emojis/paperclip.png,Objects
black_nib,https://www.webfx.com/tools/emoji-cheat-sheet/graphics/emojis/black_nib.png,Objects
pencil2,https://www.webfx.com/tools/emoji-cheat-sheet/graphics/emojis/pencil2.png,Objects
straight_ruler,https://www.webfx.com/tools/emoji-cheat-sheet/graphics/emojis/straight_ruler.png,Objects
triangular_ruler,https://www.webfx.com/tools/emoji-cheat-sheet/graphics/emojis/triangular_ruler.png,Objects
closed_book,https://www.webfx.com/tools/emoji-cheat-sheet/graphics/emojis/closed_book.png,Objects
green_book,https://www.webfx.com/tools/emoji-cheat-sheet/graphics/emojis/green_book.png,Objects
blue_book,https://www.webfx.com/tools/emoji-cheat-sheet/graphics/emojis/blue_book.png,Objects
orange_book,https://www.webfx.com/tools/emoji-cheat-sheet/graphics/emojis/orange_book.png,Objects
notebook,https://www.webfx.com/tools/emoji-cheat-sheet/graphics/emojis/notebook.png,Objects
notebook_with_decorative_cover,https://www.webfx.com/tools/emoji-cheat-sheet/graphics/emojis/notebook_with_decorative_cover.png,Objects
ledger,https://www.webfx.com/tools/emoji-cheat-sheet/graphics/emojis/ledger.png,Objects
books,https://www.webfx.com/tools/emoji-cheat-sheet/graphics/emojis/books.png,Objects
bookmark,https://www.webfx.com/tools/emoji-cheat-sheet/graphics/emojis/bookmark.png,Objects
name_badge,https://www.webfx.com/tools/emoji-cheat-sheet/graphics/emojis/name_badge.png,Objects
microscope,https://www.webfx.com/tools/emoji-cheat-sheet/graphics/emojis/microscope.png,Objects
telescope,https://www.webfx.com/tools/emoji-cheat-sheet/graphics/emojis/telescope.png,Objects
newspaper,https://www.webfx.com/tools/emoji-cheat-sheet/graphics/emojis/newspaper.png,Objects
football,https://www.webfx.com/tools/emoji-cheat-sheet/graphics/emojis/football.png,Objects
basketball,https://www.webfx.com/tools/emoji-cheat-sheet/graphics/emojis/basketball.png,Objects
soccer,https://www.webfx.com/tools/emoji-cheat-sheet/graphics/emojis/soccer.png,Objects
baseball,https://www.webfx.com/tools/emoji-cheat-sheet/graphics/emojis/baseball.png,Objects
tennis,https://www.webfx.com/tools/emoji-cheat-sheet/graphics/emojis/tennis.png,Objects
8ball,https://www.webfx.com/tools/emoji-cheat-sheet/graphics/emojis/8ball.png,Objects
rugby_football,https://www.webfx.com/tools/emoji-cheat-sheet/graphics/emojis/rugby_football.png,Objects
bowling,https://www.webfx.com/tools/emoji-cheat-sheet/graphics/emojis/bowling.png,Objects
golf,https://www.webfx.com/tools/emoji-cheat-sheet/graphics/emojis/golf.png,Objects
mountain_bicyclist,https://www.webfx.com/tools/emoji-cheat-sheet/graphics/emojis/mountain_bicyclist.png,Objects
bicyclist,https://www.webfx.com/tools/emoji-cheat-sheet/graphics/emojis/bicyclist.png,Objects
horse_racing,https://www.webfx.com/tools/emoji-cheat-sheet/graphics/emojis/horse_racing.png,Objects
snowboarder,https://www.webfx.com/tools/emoji-cheat-sheet/graphics/emojis/snowboarder.png,Objects
swimmer,https://www.webfx.com/tools/emoji-cheat-sheet/graphics/emojis/swimmer.png,Objects
surfer,https://www.webfx.com/tools/emoji-cheat-sheet/graphics/emojis/surfer.png,Objects
ski,https://www.webfx.com/tools/emoji-cheat-sheet/graphics/emojis/ski.png,Objects
spades,https://www.webfx.com/tools/emoji-cheat-sheet/graphics/emojis/spades.png,Objects
hearts,https://www.webfx.com/tools/emoji-cheat-sheet/graphics/emojis/hearts.png,Objects
clubs,https://www.webfx.com/tools/emoji-cheat-sheet/graphics/emojis/clubs.png,Objects
diamonds,https://www.webfx.com/tools/emoji-cheat-sheet/graphics/emojis/diamonds.png,Objects
gem,https://www.webfx.com/tools/emoji-cheat-sheet/graphics/emojis/gem.png,Objects
ring,https://www.webfx.com/tools/emoji-cheat-sheet/graphics/emojis/ring.png,Objects
trophy,https://www.webfx.com/tools/emoji-cheat-sheet/graphics/emojis/trophy.png,Objects
musical_score,https://www.webfx.com/tools/emoji-cheat-sheet/graphics/emojis/musical_score.png,Objects
musical_keyboard,https://www.webfx.com/tools/emoji-cheat-sheet/graphics/emojis/musical_keyboard.png,Objects
violin,https://www.webfx.com/tools/emoji-cheat-sheet/graphics/emojis/violin.png,Objects
space_invader,https://www.webfx.com/tools/emoji-cheat-sheet/graphics/emojis/space_invader.png,Objects
video_game,https://www.webfx.com/tools/emoji-cheat-sheet/graphics/emojis/video_game.png,Objects
black_joker,https://www.webfx.com/tools/emoji-cheat-sheet/graphics/emojis/black_joker.png,Objects
flower_playing_cards,https://www.webfx.com/tools/emoji-cheat-sheet/graphics/emojis/flower_playing_cards.png,Objects
game_die,https://www.webfx.com/tools/emoji-cheat-sheet/graphics/emojis/game_die.png,Objects
dart,https://www.webfx.com/tools/emoji-cheat-sheet/graphics/emojis/dart.png,Objects
mahjong,https://www.webfx.com/tools/emoji-cheat-sheet/graphics/emojis/mahjong.png,Objects
clapper,https://www.webfx.com/tools/emoji-cheat-sheet/graphics/emojis/clapper.png,Objects
memo,https://www.webfx.com/tools/emoji-cheat-sheet/graphics/emojis/memo.png,Objects
pencil,https://www.webfx.com/tools/emoji-cheat-sheet/graphics/emojis/pencil.png,Objects
book,https://www.webfx.com/tools/emoji-cheat-sheet/graphics/emojis/book.png,Objects
art,https://www.webfx.com/tools/emoji-cheat-sheet/graphics/emojis/art.png,Objects
microphone,https://www.webfx.com/tools/emoji-cheat-sheet/graphics/emojis/microphone.png,Objects
headphones,https://www.webfx.com/tools/emoji-cheat-sheet/graphics/emojis/headphones.png,Objects
trumpet,https://www.webfx.com/tools/emoji-cheat-sheet/graphics/emojis/trumpet.png,Objects
saxophone,https://www.webfx.com/tools/emoji-cheat-sheet/graphics/emojis/saxophone.png,Objects
guitar,https://www.webfx.com/tools/emoji-cheat-sheet/graphics/emojis/guitar.png,Objects
shoe,https://www.webfx.com/tools/emoji-cheat-sheet/graphics/emojis/shoe.png,Objects
sandal,https://www.webfx.com/tools/emoji-cheat-sheet/graphics/emojis/sandal.png,Objects
high_heel,https://www.webfx.com/tools/emoji-cheat-sheet/graphics/emojis/high_heel.png,Objects
lipstick,https://www.webfx.com/tools/emoji-cheat-sheet/graphics/emojis/lipstick.png,Objects
boot,https://www.webfx.com/tools/emoji-cheat-sheet/graphics/emojis/boot.png,Objects
shirt,https://www.webfx.com/tools/emoji-cheat-sheet/graphics/emojis/shirt.png,Objects
tshirt,https://www.webfx.com/tools/emoji-cheat-sheet/graphics/emojis/tshirt.png,Objects
necktie,https://www.webfx.com/tools/emoji-cheat-sheet/graphics/emojis/necktie.png,Objects
womans_clothes,https://www.webfx.com/tools/emoji-cheat-sheet/graphics/emojis/womans_clothes.png,Objects
dress,https://www.webfx.com/tools/emoji-cheat-sheet/graphics/emojis/dress.png,Objects
running_shirt_with_sash,https://www.webfx.com/tools/emoji-cheat-sheet/graphics/emojis/running_shirt_with_sash.png,Objects
jeans,https://www.webfx.com/tools/emoji-cheat-sheet/graphics/emojis/jeans.png,Objects
kimono,https://www.webfx.com/tools/emoji-cheat-sheet/graphics/emojis/kimono.png,Objects
bikini,https://www.webfx.com/tools/emoji-cheat-sheet/graphics/emojis/bikini.png,Objects
ribbon,https://www.webfx.com/tools/emoji-cheat-sheet/graphics/emojis/ribbon.png,Objects
tophat,https://www.webfx.com/tools/emoji-cheat-sheet/graphics/emojis/tophat.png,Objects
crown,https://www.webfx.com/tools/emoji-cheat-sheet/graphics/emojis/crown.png,Objects
womans_hat,https://www.webfx.com/tools/emoji-cheat-sheet/graphics/emojis/womans_hat.png,Objects
mans_shoe,https://www.webfx.com/tools/emoji-cheat-sheet/graphics/emojis/mans_shoe.png,Objects
closed_umbrella,https://www.webfx.com/tools/emoji-cheat-sheet/graphics/emojis/closed_umbrella.png,Objects
briefcase,https://www.webfx.com/tools/emoji-cheat-sheet/graphics/emojis/briefcase.png,Objects
handbag,https://www.webfx.com/tools/emoji-cheat-sheet/graphics/emojis/handbag.png,Objects
pouch,https://www.webfx.com/tools/emoji-cheat-sheet/graphics/emojis/pouch.png,Objects
purse,https://www.webfx.com/tools/emoji-cheat-sheet/graphics/emojis/purse.png,Objects
eyeglasses,https://www.webfx.com/tools/emoji-cheat-sheet/graphics/emojis/eyeglasses.png,Objects
fishing_pole_and_fish,https://www.webfx.com/tools/emoji-cheat-sheet/graphics/emojis/fishing_pole_and_fish.png,Objects
coffee,https://www.webfx.com/tools/emoji-cheat-sheet/graphics/emojis/coffee.png,Objects
tea,https://www.webfx.com/tools/emoji-cheat-sheet/graphics/emojis/tea.png,Objects
sake,https://www.webfx.com/tools/emoji-cheat-sheet/graphics/emojis/sake.png,Objects
baby_bottle,https://www.webfx.com/tools/emoji-cheat-sheet/graphics/emojis/baby_bottle.png,Objects
beer,https://www.webfx.com/tools/emoji-cheat-sheet/graphics/emojis/beer.png,Objects
beers,https://www.webfx.com/tools/emoji-cheat-sheet/graphics/emojis/beers.png,Objects
cocktail,https://www.webfx.com/tools/emoji-cheat-sheet/graphics/emojis/cocktail.png,Objects
tropical_drink,https://www.webfx.com/tools/emoji-cheat-sheet/graphics/emojis/tropical_drink.png,Objects
wine_glass,https://www.webfx.com/tools/emoji-cheat-sheet/graphics/emojis/wine_glass.png,Objects
fork_and_knife,https://www.webfx.com/tools/emoji-cheat-sheet/graphics/emojis/fork_and_knife.png,Objects
pizza,https://www.webfx.com/tools/emoji-cheat-sheet/graphics/emojis/pizza.png,Objects
hamburger,https://www.webfx.com/tools/emoji-cheat-sheet/graphics/emojis/hamburger.png,Objects
fries,https://www.webfx.com/tools/emoji-cheat-sheet/graphics/emojis/fries.png,Objects
poultry_leg,https://www.webfx.com/tools/emoji-cheat-sheet/graphics/emojis/poultry_leg.png,Objects
meat_on_bone,https://www.webfx.com/tools/emoji-cheat-sheet/graphics/emojis/meat_on_bone.png,Objects
spaghetti,https://www.webfx.com/tools/emoji-cheat-sheet/graphics/emojis/spaghetti.png,Objects
curry,https://www.webfx.com/tools/emoji-cheat-sheet/graphics/emojis/curry.png,Objects
fried_shrimp,https://www.webfx.com/tools/emoji-cheat-sheet/graphics/emojis/fried_shrimp.png,Objects
bento,https://www.webfx.com/tools/emoji-cheat-sheet/graphics/emojis/bento.png,Objects
sushi,https://www.webfx.com/tools/emoji-cheat-sheet/graphics/emojis/sushi.png,Objects
fish_cake,https://www.webfx.com/tools/emoji-cheat-sheet/graphics/emojis/fish_cake.png,Objects
rice_ball,https://www.webfx.com/tools/emoji-cheat-sheet/graphics/emojis/rice_ball.png,Objects
rice_cracker,https://www.webfx.com/tools/emoji-cheat-sheet/graphics/emojis/rice_cracker.png,Objects
rice,https://www.webfx.com/tools/emoji-cheat-sheet/graphics/emojis/rice.png,Objects
ramen,https://www.webfx.com/tools/emoji-cheat-sheet/graphics/emojis/ramen.png,Objects
stew,https://www.webfx.com/tools/emoji-cheat-sheet/graphics/emojis/stew.png,Objects
oden,https://www.webfx.com/tools/emoji-cheat-sheet/graphics/emojis/oden.png,Objects
dango,https://www.webfx.com/tools/emoji-cheat-sheet/graphics/emojis/dango.png,Objects
egg,https://www.webfx.com/tools/emoji-cheat-sheet/graphics/emojis/egg.png,Objects
bread,https://www.webfx.com/tools/emoji-cheat-sheet/graphics/emojis/bread.png,Objects
doughnut,https://www.webfx.com/tools/emoji-cheat-sheet/graphics/emojis/doughnut.png,Objects
custard,https://www.webfx.com/tools/emoji-cheat-sheet/graphics/emojis/custard.png,Objects
icecream,https://www.webfx.com/tools/emoji-cheat-sheet/graphics/emojis/icecream.png,Objects
ice_cream,https://www.webfx.com/tools/emoji-cheat-sheet/graphics/emojis/ice_cream.png,Objects
shaved_ice,https://www.webfx.com/tools/emoji-cheat-sheet/graphics/emojis/shaved_ice.png,Objects
birthday,https://www.webfx.com/tools/emoji-cheat-sheet/graphics/emojis/birthday.png,Objects
cake,https://www.webfx.com/tools/emoji-cheat-sheet/graphics/emojis/cake.png,Objects
cookie,https://www.webfx.com/tools/emoji-cheat-sheet/graphics/emojis/cookie.png,Objects
chocolate_bar,https://www.webfx.com/tools/emoji-cheat-sheet/graphics/emojis/chocolate_bar.png,Objects
candy,https://www.webfx.com/tools/emoji-cheat-sheet/graphics/emojis/candy.png,Objects
lollipop,https://www.webfx.com/tools/emoji-cheat-sheet/graphics/emojis/lollipop.png,Objects
honey_pot,https://www.webfx.com/tools/emoji-cheat-sheet/graphics/emojis/honey_pot.png,Objects
apple,https://www.webfx.com/tools/emoji-cheat-sheet/graphics/emojis/apple.png,Objects
green_apple,https://www.webfx.com/tools/emoji-cheat-sheet/graphics/emojis/green_apple.png,Objects
tangerine,https://www.webfx.com/tools/emoji-cheat-sheet/graphics/emojis/tangerine.png,Objects
lemon,https://www.webfx.com/tools/emoji-cheat-sheet/graphics/emojis/lemon.png,Objects
cherries,https://www.webfx.com/tools/emoji-cheat-sheet/graphics/emojis/cherries.png,Objects
grapes,https://www.webfx.com/tools/emoji-cheat-sheet/graphics/emojis/grapes.png,Objects
watermelon,https://www.webfx.com/tools/emoji-cheat-sheet/graphics/emojis/watermelon.png,Objects
strawberry,https://www.webfx.com/tools/emoji-cheat-sheet/graphics/emojis/strawberry.png,Objects
peach,https://www.webfx.com/tools/emoji-cheat-sheet/graphics/emojis/peach.png,Objects
melon,https://www.webfx.com/tools/emoji-cheat-sheet/graphics/emojis/melon.png,Objects
banana,https://www.webfx.com/tools/emoji-cheat-sheet/graphics/emojis/banana.png,Objects
pear,https://www.webfx.com/tools/emoji-cheat-sheet/graphics/emojis/pear.png,Objects
pineapple,https://www.webfx.com/tools/emoji-cheat-sheet/graphics/emojis/pineapple.png,Objects
sweet_potato,https://www.webfx.com/tools/emoji-cheat-sheet/graphics/emojis/sweet_potato.png,Objects
eggplant,https://www.webfx.com/tools/emoji-cheat-sheet/graphics/emojis/eggplant.png,Objects
tomato,https://www.webfx.com/tools/emoji-cheat-sheet/graphics/emojis/tomato.png,Objects
corn,https://www.webfx.com/tools/emoji-cheat-sheet/graphics/emojis/corn.png,Objects
house,https://www.webfx.com/tools/emoji-cheat-sheet/graphics/emojis/house.png,Places
house_with_garden,https://www.webfx.com/tools/emoji-cheat-sheet/graphics/emojis/house_with_garden.png,Places
school,https://www.webfx.com/tools/emoji-cheat-sheet/graphics/emojis/school.png,Places
office,https://www.webfx.com/tools/emoji-cheat-sheet/graphics/emojis/office.png,Places
post_office,https://www.webfx.com/tools/emoji-cheat-sheet/graphics/emojis/post_office.png,Places
hospital,https://www.webfx.com/tools/emoji-cheat-sheet/graphics/emojis/hospital.png,Places
bank,https://www.webfx.com/tools/emoji-cheat-sheet/graphics/emojis/bank.png,Places
convenience_store,https://www.webfx.com/tools/emoji-cheat-sheet/graphics/emojis/convenience_store.png,Places
love_hotel,https://www.webfx.com/tools/emoji-cheat-sheet/graphics/emojis/love_hotel.png,Places
hotel,https://www.webfx.com/tools/emoji-cheat-sheet/graphics/emojis/hotel.png,Places
wedding,https://www.webfx.com/tools/emoji-cheat-sheet/graphics/emojis/wedding.png,Places
church,https://www.webfx.com/tools/emoji-cheat-sheet/graphics/emojis/church.png,Places
department_store,https://www.webfx.com/tools/emoji-cheat-sheet/graphics/emojis/department_store.png,Places
european_post_office,https://www.webfx.com/tools/emoji-cheat-sheet/graphics/emojis/european_post_office.png,Places
city_sunrise,https://www.webfx.com/tools/emoji-cheat-sheet/graphics/emojis/city_sunrise.png,Places
city_sunset,https://www.webfx.com/tools/emoji-cheat-sheet/graphics/emojis/city_sunset.png,Places
japanese_castle,https://www.webfx.com/tools/emoji-cheat-sheet/graphics/emojis/japanese_castle.png,Places
european_castle,https://www.webfx.com/tools/emoji-cheat-sheet/graphics/emojis/european_castle.png,Places
tent,https://www.webfx.com/tools/emoji-cheat-sheet/graphics/emojis/tent.png,Places
factory,https://www.webfx.com/tools/emoji-cheat-sheet/graphics/emojis/factory.png,Places
tokyo_tower,https://www.webfx.com/tools/emoji-cheat-sheet/graphics/emojis/tokyo_tower.png,Places
japan,https://www.webfx.com/tools/emoji-cheat-sheet/graphics/emojis/japan.png,Places
mount_fuji,https://www.webfx.com/tools/emoji-cheat-sheet/graphics/emojis/mount_fuji.png,Places
sunrise_over_mountains,https://www.webfx.com/tools/emoji-cheat-sheet/graphics/emojis/sunrise_over_mountains.png,Places
sunrise,https://www.webfx.com/tools/emoji-cheat-sheet/graphics/emojis/sunrise.png,Places
stars,https://www.webfx.com/tools/emoji-cheat-sheet/graphics/emojis/stars.png,Places
statue_of_liberty,https://www.webfx.com/tools/emoji-cheat-sheet/graphics/emojis/statue_of_liberty.png,Places
bridge_at_night,https://www.webfx.com/tools/emoji-cheat-sheet/graphics/emojis/bridge_at_night.png,Places
carousel_horse,https://www.webfx.com/tools/emoji-cheat-sheet/graphics/emojis/carousel_horse.png,Places
rainbow,https://www.webfx.com/tools/emoji-cheat-sheet/graphics/emojis/rainbow.png,Places
ferris_wheel,https://www.webfx.com/tools/emoji-cheat-sheet/graphics/emojis/ferris_wheel.png,Places
fountain,https://www.webfx.com/tools/emoji-cheat-sheet/graphics/emojis/fountain.png,Places
roller_coaster,https://www.webfx.com/tools/emoji-cheat-sheet/graphics/emojis/roller_coaster.png,Places
ship,https://www.webfx.com/tools/emoji-cheat-sheet/graphics/emojis/ship.png,Places
speedboat,https://www.webfx.com/tools/emoji-cheat-sheet/graphics/emojis/speedboat.png,Places
boat,https://www.webfx.com/tools/emoji-cheat-sheet/graphics/emojis/boat.png,Places
sailboat,https://www.webfx.com/tools/emoji-cheat-sheet/graphics/emojis/sailboat.png,Places
rowboat,https://www.webfx.com/tools/emoji-cheat-sheet/graphics/emojis/rowboat.png,Places
anchor,https://www.webfx.com/tools/emoji-cheat-sheet/graphics/emojis/anchor.png,Places
rocket,https://www.webfx.com/tools/emoji-cheat-sheet/graphics/emojis/rocket.png,Places
airplane,https://www.webfx.com/tools/emoji-cheat-sheet/graphics/emojis/airplane.png,Places
helicopter,https://www.webfx.com/tools/emoji-cheat-sheet/graphics/emojis/helicopter.png,Places
steam_locomotive,https://www.webfx.com/tools/emoji-cheat-sheet/graphics/emojis/steam_locomotive.png,Places
tram,https://www.webfx.com/tools/emoji-cheat-sheet/graphics/emojis/tram.png,Places
mountain_railway,https://www.webfx.com/tools/emoji-cheat-sheet/graphics/emojis/mountain_railway.png,Places
bike,https://www.webfx.com/tools/emoji-cheat-sheet/graphics/emojis/bike.png,Places
aerial_tramway,https://www.webfx.com/tools/emoji-cheat-sheet/graphics/emojis/aerial_tramway.png,Places
suspension_railway,https://www.webfx.com/tools/emoji-cheat-sheet/graphics/emojis/suspension_railway.png,Places
mountain_cableway,https://www.webfx.com/tools/emoji-cheat-sheet/graphics/emojis/mountain_cableway.png,Places
tractor,https://www.webfx.com/tools/emoji-cheat-sheet/graphics/emojis/tractor.png,Places
blue_car,https://www.webfx.com/tools/emoji-cheat-sheet/graphics/emojis/blue_car.png,Places
oncoming_automobile,https://www.webfx.com/tools/emoji-cheat-sheet/graphics/emojis/oncoming_automobile.png,Places
car,https://www.webfx.com/tools/emoji-cheat-sheet/graphics/emojis/car.png,Places
red_car,https://www.webfx.com/tools/emoji-cheat-sheet/graphics/emojis/red_car.png,Places
taxi,https://www.webfx.com/tools/emoji-cheat-sheet/graphics/emojis/taxi.png,Places
oncoming_taxi,https://www.webfx.com/tools/emoji-cheat-sheet/graphics/emojis/oncoming_taxi.png,Places
articulated_lorry,https://www.webfx.com/tools/emoji-cheat-sheet/graphics/emojis/articulated_lorry.png,Places
bus,https://www.webfx.com/tools/emoji-cheat-sheet/graphics/emojis/bus.png,Places
oncoming_bus,https://www.webfx.com/tools/emoji-cheat-sheet/graphics/emojis/oncoming_bus.png,Places
rotating_light,https://www.webfx.com/tools/emoji-cheat-sheet/graphics/emojis/rotating_light.png,Places
police_car,https://www.webfx.com/tools/emoji-cheat-sheet/graphics/emojis/police_car.png,Places
oncoming_police_car,https://www.webfx.com/tools/emoji-cheat-sheet/graphics/emojis/oncoming_police_car.png,Places
fire_engine,https://www.webfx.com/tools/emoji-cheat-sheet/graphics/emojis/fire_engine.png,Places
ambulance,https://www.webfx.com/tools/emoji-cheat-sheet/graphics/emojis/ambulance.png,Places
minibus,https://www.webfx.com/tools/emoji-cheat-sheet/graphics/emojis/minibus.png,Places
truck,https://www.webfx.com/tools/emoji-cheat-sheet/graphics/emojis/truck.png,Places
train,https://www.webfx.com/tools/emoji-cheat-sheet/graphics/emojis/train.png,Places
station,https://www.webfx.com/tools/emoji-cheat-sheet/graphics/emojis/station.png,Places
train2,https://www.webfx.com/tools/emoji-cheat-sheet/graphics/emojis/train2.png,Places
bullettrain_front,https://www.webfx.com/tools/emoji-cheat-sheet/graphics/emojis/bullettrain_front.png,Places
bullettrain_side,https://www.webfx.com/tools/emoji-cheat-sheet/graphics/emojis/bullettrain_side.png,Places
light_rail,https://www.webfx.com/tools/emoji-cheat-sheet/graphics/emojis/light_rail.png,Places
monorail,https://www.webfx.com/tools/emoji-cheat-sheet/graphics/emojis/monorail.png,Places
railway_car,https://www.webfx.com/tools/emoji-cheat-sheet/graphics/emojis/railway_car.png,Places
trolleybus,https://www.webfx.com/tools/emoji-cheat-sheet/graphics/emojis/trolleybus.png,Places
ticket,https://www.webfx.com/tools/emoji-cheat-sheet/graphics/emojis/ticket.png,Places
fuelpump,https://www.webfx.com/tools/emoji-cheat-sheet/graphics/emojis/fuelpump.png,Places
vertical_traffic_light,https://www.webfx.com/tools/emoji-cheat-sheet/graphics/emojis/vertical_traffic_light.png,Places
traffic_light,https://www.webfx.com/tools/emoji-cheat-sheet/graphics/emojis/traffic_light.png,Places
warning,https://www.webfx.com/tools/emoji-cheat-sheet/graphics/emojis/warning.png,Places
construction,https://www.webfx.com/tools/emoji-cheat-sheet/graphics/emojis/construction.png,Places
beginner,https://www.webfx.com/tools/emoji-cheat-sheet/graphics/emojis/beginner.png,Places
atm,https://www.webfx.com/tools/emoji-cheat-sheet/graphics/emojis/atm.png,Places
slot_machine,https://www.webfx.com/tools/emoji-cheat-sheet/graphics/emojis/slot_machine.png,Places
busstop,https://www.webfx.com/tools/emoji-cheat-sheet/graphics/emojis/busstop.png,Places
barber,https://www.webfx.com/tools/emoji-cheat-sheet/graphics/emojis/barber.png,Places
hotsprings,https://www.webfx.com/tools/emoji-cheat-sheet/graphics/emojis/hotsprings.png,Places
checkered_flag,https://www.webfx.com/tools/emoji-cheat-sheet/graphics/emojis/checkered_flag.png,Places
crossed_flags,https://www.webfx.com/tools/emoji-cheat-sheet/graphics/emojis/crossed_flags.png,Places
izakaya_lantern,https://www.webfx.com/tools/emoji-cheat-sheet/graphics/emojis/izakaya_lantern.png,Places
moyai,https://www.webfx.com/tools/emoji-cheat-sheet/graphics/emojis/moyai.png,Places
circus_tent,https://www.webfx.com/tools/emoji-cheat-sheet/graphics/emojis/circus_tent.png,Places
performing_arts,https://www.webfx.com/tools/emoji-cheat-sheet/graphics/emojis/performing_arts.png,Places
round_pushpin,https://www.webfx.com/tools/emoji-cheat-sheet/graphics/emojis/round_pushpin.png,Places
triangular_flag_on_post,https://www.webfx.com/tools/emoji-cheat-sheet/graphics/emojis/triangular_flag_on_post.png,Places
jp,https://www.webfx.com/tools/emoji-cheat-sheet/graphics/emojis/jp.png,Places
kr,https://www.webfx.com/tools/emoji-cheat-sheet/graphics/emojis/kr.png,Places
cn,https://www.webfx.com/tools/emoji-cheat-sheet/graphics/emojis/cn.png,Places
us,https://www.webfx.com/tools/emoji-cheat-sheet/graphics/emojis/us.png,Places
fr,https://www.webfx.com/tools/emoji-cheat-sheet/graphics/emojis/fr.png,Places
es,https://www.webfx.com/tools/emoji-cheat-sheet/graphics/emojis/es.png,Places
it,https://www.webfx.com/tools/emoji-cheat-sheet/graphics/emojis/it.png,Places
ru,https://www.webfx.com/tools/emoji-cheat-sheet/graphics/emojis/ru.png,Places
gb,https://www.webfx.com/tools/emoji-cheat-sheet/graphics/emojis/gb.png,Places
uk,https://www.webfx.com/tools/emoji-cheat-sheet/graphics/emojis/uk.png,Places
de,https://www.webfx.com/tools/emoji-cheat-sheet/graphics/emojis/de.png,Places
one,https://www.webfx.com/tools/emoji-cheat-sheet/graphics/emojis/one.png,Symbols
two,https://www.webfx.com/tools/emoji-cheat-sheet/graphics/emojis/two.png,Symbols
three,https://www.webfx.com/tools/emoji-cheat-sheet/graphics/emojis/three.png,Symbols
four,https://www.webfx.com/tools/emoji-cheat-sheet/graphics/emojis/four.png,Symbols
five,https://www.webfx.com/tools/emoji-cheat-sheet/graphics/emojis/five.png,Symbols
six,https://www.webfx.com/tools/emoji-cheat-sheet/graphics/emojis/six.png,Symbols
seven,https://www.webfx.com/tools/emoji-cheat-sheet/graphics/emojis/seven.png,Symbols
eight,https://www.webfx.com/tools/emoji-cheat-sheet/graphics/emojis/eight.png,Symbols
nine,https://www.webfx.com/tools/emoji-cheat-sheet/graphics/emojis/nine.png,Symbols
keycap_ten,https://www.webfx.com/tools/emoji-cheat-sheet/graphics/emojis/keycap_ten.png,Symbols
1234,https://www.webfx.com/tools/emoji-cheat-sheet/graphics/emojis/1234.png,Symbols
zero,https://www.webfx.com/tools/emoji-cheat-sheet/graphics/emojis/zero.png,Symbols
hash,https://www.webfx.com/tools/emoji-cheat-sheet/graphics/emojis/hash.png,Symbols
symbols,https://www.webfx.com/tools/emoji-cheat-sheet/graphics/emojis/symbols.png,Symbols
arrow_backward,https://www.webfx.com/tools/emoji-cheat-sheet/graphics/emojis/arrow_backward.png,Symbols
arrow_down,https://www.webfx.com/tools/emoji-cheat-sheet/graphics/emojis/arrow_down.png,Symbols
arrow_forward,https://www.webfx.com/tools/emoji-cheat-sheet/graphics/emojis/arrow_forward.png,Symbols
arrow_left,https://www.webfx.com/tools/emoji-cheat-sheet/graphics/emojis/arrow_left.png,Symbols
capital_abcd,https://www.webfx.com/tools/emoji-cheat-sheet/graphics/emojis/capital_abcd.png,Symbols
abcd,https://www.webfx.com/tools/emoji-cheat-sheet/graphics/emojis/abcd.png,Symbols
abc,https://www.webfx.com/tools/emoji-cheat-sheet/graphics/emojis/abc.png,Symbols
arrow_lower_left,https://www.webfx.com/tools/emoji-cheat-sheet/graphics/emojis/arrow_lower_left.png,Symbols
arrow_lower_right,https://www.webfx.com/tools/emoji-cheat-sheet/graphics/emojis/arrow_lower_right.png,Symbols
arrow_right,https://www.webfx.com/tools/emoji-cheat-sheet/graphics/emojis/arrow_right.png,Symbols
arrow_up,https://www.webfx.com/tools/emoji-cheat-sheet/graphics/emojis/arrow_up.png,Symbols
arrow_upper_left,https://www.webfx.com/tools/emoji-cheat-sheet/graphics/emojis/arrow_upper_left.png,Symbols
arrow_upper_right,https://www.webfx.com/tools/emoji-cheat-sheet/graphics/emojis/arrow_upper_right.png,Symbols
arrow_double_down,https://www.webfx.com/tools/emoji-cheat-sheet/graphics/emojis/arrow_double_down.png,Symbols
arrow_double_up,https://www.webfx.com/tools/emoji-cheat-sheet/graphics/emojis/arrow_double_up.png,Symbols
arrow_down_small,https://www.webfx.com/tools/emoji-cheat-sheet/graphics/emojis/arrow_down_small.png,Symbols
arrow_heading_down,https://www.webfx.com/tools/emoji-cheat-sheet/graphics/emojis/arrow_heading_down.png,Symbols
arrow_heading_up,https://www.webfx.com/tools/emoji-cheat-sheet/graphics/emojis/arrow_heading_up.png,Symbols
leftwards_arrow_with_hook,https://www.webfx.com/tools/emoji-cheat-sheet/graphics/emojis/leftwards_arrow_with_hook.png,Symbols
arrow_right_hook,https://www.webfx.com/tools/emoji-cheat-sheet/graphics/emojis/arrow_right_hook.png,Symbols
left_right_arrow,https://www.webfx.com/tools/emoji-cheat-sheet/graphics/emojis/left_right_arrow.png,Symbols
arrow_up_down,https://www.webfx.com/tools/emoji-cheat-sheet/graphics/emojis/arrow_up_down.png,Symbols
arrow_up_small,https://www.webfx.com/tools/emoji-cheat-sheet/graphics/emojis/arrow_up_small.png,Symbols
arrows_clockwise,https://www.webfx.com/tools/emoji-cheat-sheet/graphics/emojis/arrows_clockwise.png,Symbols
arrows_counterclockwise,https://www.webfx.com/tools/emoji-cheat-sheet/graphics/emojis/arrows_counterclockwise.png,Symbols
rewind,https://www.webfx.com/tools/emoji-cheat-sheet/graphics/emojis/rewind.png,Symbols
fast_forward,https://www.webfx.com/tools/emoji-cheat-sheet/graphics/emojis/fast_forward.png,Symbols
information_source,https://www.webfx.com/tools/emoji-cheat-sheet/graphics/emojis/information_source.png,Symbols
ok,https://www.webfx.com/tools/emoji-cheat-sheet/graphics/emojis/ok.png,Symbols
twisted_rightwards_arrows,https://www.webfx.com/tools/emoji-cheat-sheet/graphics/emojis/twisted_rightwards_arrows.png,Symbols
repeat,https://www.webfx.com/tools/emoji-cheat-sheet/graphics/emojis/repeat.png,Symbols
repeat_one,https://www.webfx.com/tools/emoji-cheat-sheet/graphics/emojis/repeat_one.png,Symbols
new,https://www.webfx.com/tools/emoji-cheat-sheet/graphics/emojis/new.png,Symbols
top,https://www.webfx.com/tools/emoji-cheat-sheet/graphics/emojis/top.png,Symbols
up,https://www.webfx.com/tools/emoji-cheat-sheet/graphics/emojis/up.png,Symbols
cool,https://www.webfx.com/tools/emoji-cheat-sheet/graphics/emojis/cool.png,Symbols
free,https://www.webfx.com/tools/emoji-cheat-sheet/graphics/emojis/free.png,Symbols
ng,https://www.webfx.com/tools/emoji-cheat-sheet/graphics/emojis/ng.png,Symbols
cinema,https://www.webfx.com/tools/emoji-cheat-sheet/graphics/emojis/cinema.png,Symbols
koko,https://www.webfx.com/tools/emoji-cheat-sheet/graphics/emojis/koko.png,Symbols
signal_strength,https://www.webfx.com/tools/emoji-cheat-sheet/graphics/emojis/signal_strength.png,Symbols
u5272,https://www.webfx.com/tools/emoji-cheat-sheet/graphics/emojis/u5272.png,Symbols
u5408,https://www.webfx.com/tools/emoji-cheat-sheet/graphics/emojis/u5408.png,Symbols
u55b6,https://www.webfx.com/tools/emoji-cheat-sheet/graphics/emojis/u55b6.png,Symbols
u6307,https://www.webfx.com/tools/emoji-cheat-sheet/graphics/emojis/u6307.png,Symbols
u6708,https://www.webfx.com/tools/emoji-cheat-sheet/graphics/emojis/u6708.png,Symbols
u6709,https://www.webfx.com/tools/emoji-cheat-sheet/graphics/emojis/u6709.png,Symbols
u6e80,https://www.webfx.com/tools/emoji-cheat-sheet/graphics/emojis/u6e80.png,Symbols
u7121,https://www.webfx.com/tools/emoji-cheat-sheet/graphics/emojis/u7121.png,Symbols
u7533,https://www.webfx.com/tools/emoji-cheat-sheet/graphics/emojis/u7533.png,Symbols
u7a7a,https://www.webfx.com/tools/emoji-cheat-sheet/graphics/emojis/u7a7a.png,Symbols
u7981,https://www.webfx.com/tools/emoji-cheat-sheet/graphics/emojis/u7981.png,Symbols
sa,https://www.webfx.com/tools/emoji-cheat-sheet/graphics/emojis/sa.png,Symbols
restroom,https://www.webfx.com/tools/emoji-cheat-sheet/graphics/emojis/restroom.png,Symbols
mens,https://www.webfx.com/tools/emoji-cheat-sheet/graphics/emojis/mens.png,Symbols
womens,https://www.webfx.com/tools/emoji-cheat-sheet/graphics/emojis/womens.png,Symbols
baby_symbol,https://www.webfx.com/tools/emoji-cheat-sheet/graphics/emojis/baby_symbol.png,Symbols
no_smoking,https://www.webfx.com/tools/emoji-cheat-sheet/graphics/emojis/no_smoking.png,Symbols
parking,https://www.webfx.com/tools/emoji-cheat-sheet/graphics/emojis/parking.png,Symbols
wheelchair,https://www.webfx.com/tools/emoji-cheat-sheet/graphics/emojis/wheelchair.png,Symbols
metro,https://www.webfx.com/tools/emoji-cheat-sheet/graphics/emojis/metro.png,Symbols
baggage_claim,https://www.webfx.com/tools/emoji-cheat-sheet/graphics/emojis/baggage_claim.png,Symbols
accept,https://www.webfx.com/tools/emoji-cheat-sheet/graphics/emojis/accept.png,Symbols
wc,https://www.webfx.com/tools/emoji-cheat-sheet/graphics/emojis/wc.png,Symbols
potable_water,https://www.webfx.com/tools/emoji-cheat-sheet/graphics/emojis/potable_water.png,Symbols
put_litter_in_its_place,https://www.webfx.com/tools/emoji-cheat-sheet/graphics/emojis/put_litter_in_its_place.png,Symbols
secret,https://www.webfx.com/tools/emoji-cheat-sheet/graphics/emojis/secret.png,Symbols
congratulations,https://www.webfx.com/tools/emoji-cheat-sheet/graphics/emojis/congratulations.png,Symbols
m,https://www.webfx.com/tools/emoji-cheat-sheet/graphics/emojis/m.png,Symbols
passport_control,https://www.webfx.com/tools/emoji-cheat-sheet/graphics/emojis/passport_control.png,Symbols
left_luggage,https://www.webfx.com/tools/emoji-cheat-sheet/graphics/emojis/left_luggage.png,Symbols
customs,https://www.webfx.com/tools/emoji-cheat-sheet/graphics/emojis/customs.png,Symbols
ideograph_advantage,https://www.webfx.com/tools/emoji-cheat-sheet/graphics/emojis/ideograph_advantage.png,Symbols
cl,https://www.webfx.com/tools/emoji-cheat-sheet/graphics/emojis/cl.png,Symbols
sos,https://www.webfx.com/tools/emoji-cheat-sheet/graphics/emojis/sos.png,Symbols
id,https://www.webfx.com/tools/emoji-cheat-sheet/graphics/emojis/id.png,Symbols
no_entry_sign,https://www.webfx.com/tools/emoji-cheat-sheet/graphics/emojis/no_entry_sign.png,Symbols
underage,https://www.webfx.com/tools/emoji-cheat-sheet/graphics/emojis/underage.png,Symbols
no_mobile_phones,https://www.webfx.com/tools/emoji-cheat-sheet/graphics/emojis/no_mobile_phones.png,Symbols
do_not_litter,https://www.webfx.com/tools/emoji-cheat-sheet/graphics/emojis/do_not_litter.png,Symbols
non-potable_water,https://www.webfx.com/tools/emoji-cheat-sheet/graphics/emojis/non-potable_water.png,Symbols
no_bicycles,https://www.webfx.com/tools/emoji-cheat-sheet/graphics/emojis/no_bicycles.png,Symbols
no_pedestrians,https://www.webfx.com/tools/emoji-cheat-sheet/graphics/emojis/no_pedestrians.png,Symbols
children_crossing,https://www.webfx.com/tools/emoji-cheat-sheet/graphics/emojis/children_crossing.png,Symbols
no_entry,https://www.webfx.com/tools/emoji-cheat-sheet/graphics/emojis/no_entry.png,Symbols
eight_spoked_asterisk,https://www.webfx.com/tools/emoji-cheat-sheet/graphics/emojis/eight_spoked_asterisk.png,Symbols
sparkle,https://www.webfx.com/tools/emoji-cheat-sheet/graphics/emojis/sparkle.png,Symbols
eight_pointed_black_star,https://www.webfx.com/tools/emoji-cheat-sheet/graphics/emojis/eight_pointed_black_star.png,Symbols
heart_decoration,https://www.webfx.com/tools/emoji-cheat-sheet/graphics/emojis/heart_decoration.png,Symbols
vs,https://www.webfx.com/tools/emoji-cheat-sheet/graphics/emojis/vs.png,Symbols
vibration_mode,https://www.webfx.com/tools/emoji-cheat-sheet/graphics/emojis/vibration_mode.png,Symbols
mobile_phone_off,https://www.webfx.com/tools/emoji-cheat-sheet/graphics/emojis/mobile_phone_off.png,Symbols
chart,https://www.webfx.com/tools/emoji-cheat-sheet/graphics/emojis/chart.png,Symbols
currency_exchange,https://www.webfx.com/tools/emoji-cheat-sheet/graphics/emojis/currency_exchange.png,Symbols
aries,https://www.webfx.com/tools/emoji-cheat-sheet/graphics/emojis/aries.png,Symbols
taurus,https://www.webfx.com/tools/emoji-cheat-sheet/graphics/emojis/taurus.png,Symbols
gemini,https://www.webfx.com/tools/emoji-cheat-sheet/graphics/emojis/gemini.png,Symbols
cancer,https://www.webfx.com/tools/emoji-cheat-sheet/graphics/emojis/cancer.png,Symbols
leo,https://www.webfx.com/tools/emoji-cheat-sheet/graphics/emojis/leo.png,Symbols
virgo,https://www.webfx.com/tools/emoji-cheat-sheet/graphics/emojis/virgo.png,Symbols
libra,https://www.webfx.com/tools/emoji-cheat-sheet/graphics/emojis/libra.png,Symbols
scorpius,https://www.webfx.com/tools/emoji-cheat-sheet/graphics/emojis/scorpius.png,Symbols
sagittarius,https://www.webfx.com/tools/emoji-cheat-sheet/graphics/emojis/sagittarius.png,Symbols
capricorn,https://www.webfx.com/tools/emoji-cheat-sheet/graphics/emojis/capricorn.png,Symbols
aquarius,https://www.webfx.com/tools/emoji-cheat-sheet/graphics/emojis/aquarius.png,Symbols
pisces,https://www.webfx.com/tools/emoji-cheat-sheet/graphics/emojis/pisces.png,Symbols
ophiuchus,https://www.webfx.com/tools/emoji-cheat-sheet/graphics/emojis/ophiuchus.png,Symbols
six_pointed_star,https://www.webfx.com/tools/emoji-cheat-sheet/graphics/emojis/six_pointed_star.png,Symbols
negative_squared_cross_mark,https://www.webfx.com/tools/emoji-cheat-sheet/graphics/emojis/negative_squared_cross_mark.png,Symbols
a,https://www.webfx.com/tools/emoji-cheat-sheet/graphics/emojis/a.png,Symbols
b,https://www.webfx.com/tools/emoji-cheat-sheet/graphics/emojis/b.png,Symbols
ab,https://www.webfx.com/tools/emoji-cheat-sheet/graphics/emojis/ab.png,Symbols
o2,https://www.webfx.com/tools/emoji-cheat-sheet/graphics/emojis/o2.png,Symbols
diamond_shape_with_a_dot_inside,https://www.webfx.com/tools/emoji-cheat-sheet/graphics/emojis/diamond_shape_with_a_dot_inside.png,Symbols
recycle,https://www.webfx.com/tools/emoji-cheat-sheet/graphics/emojis/recycle.png,Symbols
end,https://www.webfx.com/tools/emoji-cheat-sheet/graphics/emojis/end.png,Symbols
back,https://www.webfx.com/tools/emoji-cheat-sheet/graphics/emojis/back.png,Symbols
on,https://www.webfx.com/tools/emoji-cheat-sheet/graphics/emojis/on.png,Symbols
soon,https://www.webfx.com/tools/emoji-cheat-sheet/graphics/emojis/soon.png,Symbols
clock1,https://www.webfx.com/tools/emoji-cheat-sheet/graphics/emojis/clock1.png,Symbols
clock130,https://www.webfx.com/tools/emoji-cheat-sheet/graphics/emojis/clock130.png,Symbols
clock10,https://www.webfx.com/tools/emoji-cheat-sheet/graphics/emojis/clock10.png,Symbols
clock1030,https://www.webfx.com/tools/emoji-cheat-sheet/graphics/emojis/clock1030.png,Symbols
clock11,https://www.webfx.com/tools/emoji-cheat-sheet/graphics/emojis/clock11.png,Symbols
clock1130,https://www.webfx.com/tools/emoji-cheat-sheet/graphics/emojis/clock1130.png,Symbols
clock12,https://www.webfx.com/tools/emoji-cheat-sheet/graphics/emojis/clock12.png,Symbols
clock1230,https://www.webfx.com/tools/emoji-cheat-sheet/graphics/emojis/clock1230.png,Symbols
clock2,https://www.webfx.com/tools/emoji-cheat-sheet/graphics/emojis/clock2.png,Symbols
clock230,https://www.webfx.com/tools/emoji-cheat-sheet/graphics/emojis/clock230.png,Symbols
clock3,https://www.webfx.com/tools/emoji-cheat-sheet/graphics/emojis/clock3.png,Symbols
clock330,https://www.webfx.com/tools/emoji-cheat-sheet/graphics/emojis/clock330.png,Symbols
clock4,https://www.webfx.com/tools/emoji-cheat-sheet/graphics/emojis/clock4.png,Symbols
clock430,https://www.webfx.com/tools/emoji-cheat-sheet/graphics/emojis/clock430.png,Symbols
clock5,https://www.webfx.com/tools/emoji-cheat-sheet/graphics/emojis/clock5.png,Symbols
clock530,https://www.webfx.com/tools/emoji-cheat-sheet/graphics/emojis/clock530.png,Symbols
clock6,https://www.webfx.com/tools/emoji-cheat-sheet/graphics/emojis/clock6.png,Symbols
clock630,https://www.webfx.com/tools/emoji-cheat-sheet/graphics/emojis/clock630.png,Symbols
clock7,https://www.webfx.com/tools/emoji-cheat-sheet/graphics/emojis/clock7.png,Symbols
clock730,https://www.webfx.com/tools/emoji-cheat-sheet/graphics/emojis/clock730.png,Symbols
clock8,https://www.webfx.com/tools/emoji-cheat-sheet/graphics/emojis/clock8.png,Symbols
clock830,https://www.webfx.com/tools/emoji-cheat-sheet/graphics/emojis/clock830.png,Symbols
clock9,https://www.webfx.com/tools/emoji-cheat-sheet/graphics/emojis/clock9.png,Symbols
clock930,https://www.webfx.com/tools/emoji-cheat-sheet/graphics/emojis/clock930.png,Symbols
heavy_dollar_sign,https://www.webfx.com/tools/emoji-cheat-sheet/graphics/emojis/heavy_dollar_sign.png,Symbols
copyright,https://www.webfx.com/tools/emoji-cheat-sheet/graphics/emojis/copyright.png,Symbols
registered,https://www.webfx.com/tools/emoji-cheat-sheet/graphics/emojis/registered.png,Symbols
tm,https://www.webfx.com/tools/emoji-cheat-sheet/graphics/emojis/tm.png,Symbols
x,https://www.webfx.com/tools/emoji-cheat-sheet/graphics/emojis/x.png,Symbols
heavy_exclamation_mark,https://www.webfx.com/tools/emoji-cheat-sheet/graphics/emojis/heavy_exclamation_mark.png,Symbols
bangbang,https://www.webfx.com/tools/emoji-cheat-sheet/graphics/emojis/bangbang.png,Symbols
interrobang,https://www.webfx.com/tools/emoji-cheat-sheet/graphics/emojis/interrobang.png,Symbols
o,https://www.webfx.com/tools/emoji-cheat-sheet/graphics/emojis/o.png,Symbols
heavy_multiplication_x,https://www.webfx.com/tools/emoji-cheat-sheet/graphics/emojis/heavy_multiplication_x.png,Symbols
heavy_plus_sign,https://www.webfx.com/tools/emoji-cheat-sheet/graphics/emojis/heavy_plus_sign.png,Symbols
heavy_minus_sign,https://www.webfx.com/tools/emoji-cheat-sheet/graphics/emojis/heavy_minus_sign.png,Symbols
heavy_division_sign,https://www.webfx.com/tools/emoji-cheat-sheet/graphics/emojis/heavy_division_sign.png,Symbols
white_flower,https://www.webfx.com/tools/emoji-cheat-sheet/graphics/emojis/white_flower.png,Symbols
100,https://www.webfx.com/tools/emoji-cheat-sheet/graphics/emojis/100.png,Symbols
heavy_check_mark,https://www.webfx.com/tools/emoji-cheat-sheet/graphics/emojis/heavy_check_mark.png,Symbols
ballot_box_with_check,https://www.webfx.com/tools/emoji-cheat-sheet/graphics/emojis/ballot_box_with_check.png,Symbols
radio_button,https://www.webfx.com/tools/emoji-cheat-sheet/graphics/emojis/radio_button.png,Symbols
link,https://www.webfx.com/tools/emoji-cheat-sheet/graphics/emojis/link.png,Symbols
curly_loop,https://www.webfx.com/tools/emoji-cheat-sheet/graphics/emojis/curly_loop.png,Symbols
wavy_dash,https://www.webfx.com/tools/emoji-cheat-sheet/graphics/emojis/wavy_dash.png,Symbols
part_alternation_mark,https://www.webfx.com/tools/emoji-cheat-sheet/graphics/emojis/part_alternation_mark.png,Symbols
trident,https://www.webfx.com/tools/emoji-cheat-sheet/graphics/emojis/trident.png,Symbols
black_small_square,https://www.webfx.com/tools/emoji-cheat-sheet/graphics/emojis/black_small_square.png,Symbols
white_small_square,https://www.webfx.com/tools/emoji-cheat-sheet/graphics/emojis/white_small_square.png,Symbols
black_medium_small_square,https://www.webfx.com/tools/emoji-cheat-sheet/graphics/emojis/black_medium_small_square.png,Symbols
white_medium_small_square,https://www.webfx.com/tools/emoji-cheat-sheet/graphics/emojis/white_medium_small_square.png,Symbols
black_medium_square,https://www.webfx.com/tools/emoji-cheat-sheet/graphics/emojis/black_medium_square.png,Symbols
white_medium_square,https://www.webfx.com/tools/emoji-cheat-sheet/graphics/emojis/white_medium_square.png,Symbols
black_large_square,https://www.webfx.com/tools/emoji-cheat-sheet/graphics/emojis/black_square.png,Symbols
white_large_square,https://www.webfx.com/tools/emoji-cheat-sheet/graphics/emojis/white_large_square.png,Symbols
white_check_mark,https://www.webfx.com/tools/emoji-cheat-sheet/graphics/emojis/white_check_mark.png,Symbols
black_square_button,https://www.webfx.com/tools/emoji-cheat-sheet/graphics/emojis/black_square_button.png,Symbols
white_square_button,https://www.webfx.com/tools/emoji-cheat-sheet/graphics/emojis/white_square_button.png,Symbols
black_circle,https://www.webfx.com/tools/emoji-cheat-sheet/graphics/emojis/black_circle.png,Symbols
white_circle,https://www.webfx.com/tools/emoji-cheat-sheet/graphics/emojis/white_circle.png,Symbols
red_circle,https://www.webfx.com/tools/emoji-cheat-sheet/graphics/emojis/red_circle.png,Symbols
large_blue_circle,https://www.webfx.com/tools/emoji-cheat-sheet/graphics/emojis/large_blue_circle.png,Symbols
large_blue_diamond,https://www.webfx.com/tools/emoji-cheat-sheet/graphics/emojis/large_blue_diamond.png,Symbols
large_orange_diamond,https://www.webfx.com/tools/emoji-cheat-sheet/graphics/emojis/large_orange_diamond.png,Symbols
small_blue_diamond,https://www.webfx.com/tools/emoji-cheat-sheet/graphics/emojis/small_blue_diamond.png,Symbols
small_orange_diamond,https://www.webfx.com/tools/emoji-cheat-sheet/graphics/emojis/small_orange_diamond.png,Symbols
small_red_triangle,https://www.webfx.com/tools/emoji-cheat-sheet/graphics/emojis/small_red_triangle.png,Symbols
small_red_triangle_down,https://www.webfx.com/tools/emoji-cheat-sheet/graphics/emojis/small_red_triangle_down.png,Symbols
shipit,https://www.webfx.com/tools/emoji-cheat-sheet/graphics/emojis/shipit.png,Symbols
